805,0.437741,752,0.0194855,768,0.0106795,416,0.00994079,602,0.00644931
475,0.134108,656,0.0627692,654,0.0510738,627,0.0287829,916,0.00893661
970,0.0315166,908,0.029828,475,0.0197212,685,0.0177873,479,0.0151515
761,0.337803,605,0.151147,551,0.0465113,549,0.0384085,916,0.0237745
795,0.0673395,880,0.0639292,652,0.0263322,875,0.0187377,978,0.0185491
617,0.142624,652,0.0757537,906,0.0362664,424,0.0240507,834,0.0152557
862,0.0608408,456,0.0378179,775,0.0339054,430,0.0192139,549,0.0191082
805,0.189832,574,0.0665426,522,0.0320302,898,0.0124644,728,0.0115888
895,0.123659,701,0.0916371,908,0.0387015,984,0.0372458,404,0.0159495
617,0.116911,697,0.034609,111,0.0338997,678,0.0159914,669,0.0140697
678,0.0378013,399,0.0336894,610,0.0215591,877,0.0199831,843,0.0195172
970,0.102343,980,0.081976,972,0.0669451,984,0.0274466,974,0.0228249
880,0.0664686,549,0.0548818,635,0.0500462,694,0.0300055,865,0.014761
549,0.0667847,701,0.0407802,978,0.0317102,974,0.0283152,803,0.0250816
819,0.205235,818,0.0415834,971,0.0407324,880,0.0327372,562,0.010721
582,0.0715571,860,0.0660338,865,0.0635818,916,0.0332403,791,0.0283234
883,0.0636733,723,0.0597583,945,0.0486686,107,0.0359498,986,0.0325126
775,0.0380968,903,0.0337799,578,0.0278771,568,0.0258439,549,0.022472
610,0.148711,921,0.0241221,819,0.0177715,617,0.0146938,678,0.00947568
404,0.150334,977,0.0964217,718,0.0318864,751,0.030375,984,0.0261566
503,0.0520561,968,0.0271535,568,0.0245703,899,0.0178567,438,0.0171596
817,0.306533,751,0.194243,705,0.0869037,724,0.00944847,438,0.00693296
647,0.0919235,332,0.0315854,971,0.0190095,954,0.0154873,700,0.0144115
421,0.0505284,762,0.0460491,549,0.0323924,905,0.0228781,799,0.0226857
984,0.0277754,629,0.0185419,785,0.0173584,824,0.0150204,470,0.0131264
752,0.128343,880,0.107962,842,0.0269673,549,0.0158412,794,0.0143261
794,0.47747,669,0.0337843,697,0.00721779,896,0.00329943,585,0.00323399
478,0.0329088,804,0.0311871,712,0.0304377,313,0.0295062,916,0.0287026
617,0.045194,892,0.0408123,604,0.0343262,769,0.0234103,844,0.0213401
916,0.0753322,780,0.0528699,549,0.0329036,557,0.0209162,971,0.0192728
404,0.122642,458,0.0810517,895,0.0529409,916,0.0316799,793,0.0314001
711,0.0778391,470,0.0694071,859,0.0475286,719,0.0464221,606,0.0253131
971,0.0771865,974,0.0498075,646,0.0283588,751,0.0239092,404,0.0167007
794,0.675223,916,0.010979,549,0.0108189,885,0.00905207,722,0.00411942
647,0.0918476,712,0.0403071,828,0.0402085,659,0.0368996,892,0.0325781
621,0.0532125,438,0.0356944,984,0.0216355,441,0.0214085,692,0.0194144
642,0.116051,822,0.0180749,424,0.0156843,716,0.0151669,762,0.0125474
574,0.0422037,433,0.0409027,906,0.0299427,912,0.0282074,419,0.0140762
549,0.391404,692,0.0251689,916,0.00979954,885,0.00667866,633,0.00554875
845,0.0258248,691,0.0209927,438,0.01754,966,0.0145255,111,0.011609
617,0.0476734,971,0.0304482,670,0.0281265,865,0.0251929,549,0.0246915
617,0.239662,969,0.0915162,647,0.0421859,438,0.0408356,923,0.0280519
6,0.20283,977,0.184875,2,0.0286724,4,0.0268093,978,0.0223952
794,0.0327761,617,0.0253367,837,0.0189863,691,0.0165246,697,0.0152735
819,0.294942,862,0.0270864,107,0.0266245,818,0.010883,530,0.00839061
903,0.077334,981,0.0757667,514,0.0540784,501,0.0289926,655,0.0230203
617,0.135711,580,0.0254695,727,0.0236264,664,0.0208883,421,0.0194548
562,0.150072,971,0.0303426,815,0.0246312,580,0.018292,876,0.017938
819,0.428247,971,0.0777526,669,0.0583865,793,0.00513465,728,0.00324618
583,0.0159376,644,0.0148085,862,0.0111596,421,0.0104543,604,0.0104136
739,0.0663925,420,0.0535395,532,0.0153347,711,0.00572041,438,0.00561414
617,0.0964837,419,0.0521335,921,0.0169239,929,0.0154187,903,0.0149693
821,0.0138555,470,0.011841,794,0.011442,648,0.011291,974,0.011283
683,0.0215728,875,0.0214167,819,0.01796,971,0.0164166,513,0.014502
718,0.0398384,682,0.0394372,562,0.017333,668,0.0114799,862,0.0113359
762,0.132641,683,0.058101,875,0.0290703,513,0.0122316,558,0.0113741
670,0.0436617,592,0.0326703,788,0.0270474,711,0.0143976,581,0.012784
762,0.0465276,916,0.0255091,495,0.020469,424,0.0186844,919,0.0184752
669,0.186137,862,0.159844,794,0.0428668,470,0.0366675,556,0.012063
580,0.129903,821,0.11646,476,0.075535,875,0.0154316,509,0.0148274
905,0.0736339,794,0.0377308,523,0.0208102,760,0.0162993,799,0.0096304
916,0.0831563,970,0.0515628,782,0.0337275,549,0.0162636,801,0.015925
975,0.774638
117,0.784627,107,0.106052,973,0.00609042,112,0.00355625
577,0.214106,476,0.0181273,456,0.00775198,699,0.00567867,971,0.00476179
33,0.606154,980,0.0252658,34,0.0167488,976,0.0128614,307,0.00935447
549,0.0357949,647,0.0325554,868,0.0294379,712,0.0255207,813,0.0187721
678,0.136012,837,0.0749089,796,0.0239017,458,0.0217483,836,0.0140631
419,0.0824368,617,0.0652434,916,0.0308518,793,0.0232086,922,0.0202844
692,0.0915374,921,0.0201258,604,0.0167267,676,0.010125,158,0.00698598
656,0.046149,617,0.034382,916,0.0278959,713,0.0267228,410,0.019011
818,0.442903,714,0.0476573,530,0.0247626,111,0.013412,885,0.00860268
317,0.0915585,40,0.0451873,879,0.0338768,325,0.0327155,310,0.0256922
803,0.0818593,867,0.0802423,751,0.0553758,977,0.0243516,757,0.0220887
982,0.0119966,971,0.00992337,585,0.00865564,778,0.00855662,620,0.00717105
515,0.0368177,984,0.0357193,433,0.0282836,975,0.027762,979,0.0245906
617,0.140613,903,0.0207178,458,0.0189142,421,0.0125873,678,0.0124013
494,0.43474,549,0.0245627,729,0.0129449,794,0.00705957,905,0.00462806
752,0.063135,862,0.0344007,781,0.0278285,549,0.0271894,456,0.0236724
817,0.0546969,751,0.0483905,836,0.0340177,627,0.0309995,479,0.0256474
814,0.179046,978,0.0767535,974,0.0701972,801,0.030264,554,0.0261152
639,0.0441074,419,0.0352495,984,0.0305702,421,0.0271056,775,0.0257535
458,0.0387577,457,0.0279845,936,0.0270038,971,0.0237262,916,0.0229564
774,0.0432486,458,0.0326958,840,0.0276916,916,0.0261621,560,0.0250194
712,0.0482234,549,0.0374284,470,0.0352287,659,0.03491,971,0.0291705
920,0.12662,685,0.0922604,530,0.06932,971,0.0400572,468,0.0398232
936,0.054971,438,0.0273245,928,0.019827,692,0.0186701,631,0.0158915
617,0.0499803,903,0.0179463,422,0.0158448,419,0.0147846,702,0.0143838
617,0.215456,678,0.0253176,916,0.0232104,845,0.0159874,696,0.0116006
789,0.0207437,743,0.0180169,433,0.0144021,603,0.0122068,922,0.00981132
985,0.148334,584,0.078618,883,0.057694,723,0.0510194,916,0.0316976
207,0.156375,257,0.154099,222,0.0649102,208,0.0123862,216,0.00882556
819,0.20798,639,0.0142464,430,0.00618681,644,0.00364215
617,0.0840638,877,0.0436048,747,0.0422025,480,0.0262502,424,0.0134264
970,0.205628,979,0.10764,976,0.053287,821,0.0123467,975,0.00771803
525,0.05555,611,0.0488949,978,0.0282678,861,0.0215831,549,0.020617
713,0.0368635,844,0.0279368,845,0.0238561,613,0.0190619,549,0.0143742
617,0.0736382,919,0.032021,982,0.0274942,421,0.0264576,762,0.0217398
761,0.0967924,549,0.0687066,605,0.0600646,681,0.0212408,421,0.0121202
979,0.0389,974,0.0359281,525,0.0191141,103,0.016988,49,0.0169329
774,0.0305084,419,0.0293751,411,0.0188103,543,0.0150507,723,0.0124671
706,0.0339234,794,0.033306,920,0.019063,984,0.0188392,835,0.0174825
562,0.0435492,885,0.0191914,657,0.0140508,974,0.00882874,530,0.00807676
671,0.0570928,984,0.0388318,975,0.0308418,458,0.0170647,866,0.0119178
634,0.169862,646,0.0457657,981,0.0353273,832,0.028309,788,0.0227045
876,0.258186,794,0.0401905,669,0.0317758,803,0.0082526,525,0.00771857
916,0.157398,662,0.0673185,620,0.0626302,681,0.0415671,419,0.0297899
843,0.13956,701,0.0942077,980,0.0559856,979,0.0368859,970,0.0337315
529,0.0383554,584,0.0382465,419,0.0363782,591,0.0275216,549,0.0267038
530,0.0705121,468,0.0414455,549,0.0330912,751,0.0218782,919,0.0196505
870,0.240117,880,0.0606792,677,0.01468,774,0.0141268,885,0.0139516
795,0.288498,916,0.244271,796,0.0827023,450,0.0137858,549,0.0114898
977,0.136442,975,0.0669658,646,0.0119639,979,0.0107849,974,0.00987276
530,0.0255772,669,0.0214964,604,0.0177377,107,0.0169636,781,0.0165786
916,0.0617618,700,0.0223573,831,0.021756,697,0.0181746,799,0.0133177
821,0.447573,580,0.127981,839,0.051651,489,0.0169293,694,0.0147651
961,0.0530332,549,0.0501787,876,0.0259377,435,0.0226334,971,0.0146839
971,0.189771,513,0.0165517,650,0.0120124,643,0.00927234,424,0.00661669
751,0.10576,978,0.0896253,981,0.0502513,977,0.0176981,898,0.0129885
695,0.107687,793,0.0565434,971,0.0485522,807,0.0478348,728,0.0445446
982,0.241145,819,0.0432559,457,0.0259756,549,0.0134811,885,0.0117303
794,0.0974186,885,0.0174063,669,0.016528,716,0.011905,594,0.0109246
916,0.0505164,842,0.0411271,549,0.0298538,971,0.0191516,819,0.018612
459,0.0791456,679,0.0751276,677,0.0523601,903,0.0449019,971,0.0434943
523,0.0375661,585,0.0260298,844,0.0236113,418,0.0210269,591,0.0146019
819,0.216677,862,0.0437893,818,0.0314983,538,0.00517182,794,0.00488443
794,0.118214,669,0.0486575,604,0.0146378,921,0.00921144,919,0.00832391
468,0.180822,817,0.0378884,751,0.0324952,627,0.0317824,704,0.027254
416,0.0484759,743,0.046094,610,0.0413935,459,0.0173941,445,0.012817
460,0.12286,908,0.0928954,977,0.0676748,975,0.021686,978,0.0126641
975,0.12984,472,0.0710522,977,0.0469045,693,0.0370613,839,0.0326259
837,0.0489495,984,0.0370225,425,0.0308773,772,0.0302586,862,0.0211624
761,0.205465,605,0.130238,662,0.0569052,916,0.0317799,487,0.0158023
621,0.0523586,489,0.0246104,473,0.0209392,470,0.0145314,522,0.0140349
639,0.091788,842,0.0322384,702,0.0255115,916,0.0171804,460,0.0169441
716,0.0170433,489,0.0122846,549,0.0117713,751,0.0103766,704,0.0103058
819,0.0382947,812,0.028916,885,0.0215202,905,0.0175971,978,0.015199
984,0.236286,916,0.0677582,723,0.0347333,633,0.0336661,919,0.0188425
916,0.0615543,978,0.0250602,450,0.020003,852,0.0142197,844,0.0117581
758,0.0529425,977,0.0239085,975,0.0187704,525,0.018507,919,0.0156513
837,0.0607871,984,0.0371462,425,0.028463,862,0.0228537,530,0.0127713
479,0.870341,506,0.0154462
794,0.0280852,851,0.0199786,470,0.0149744,760,0.0149272,1,0.0136975
799,0.13678,706,0.0822722,894,0.0383426,916,0.0293464,892,0.0167009
691,0.111876,570,0.0777635,916,0.0512736,759,0.0246818,732,0.011387
562,0.110286,975,0.105337,698,0.03585,663,0.0330888,416,0.0156032
885,0.0354056,438,0.033225,968,0.0187434,678,0.0117626,604,0.0110213
580,0.0397705,468,0.0309328,706,0.0299645,751,0.0170672,656,0.0163934
562,0.0378799,799,0.0253935,912,0.0251936,458,0.02043,489,0.0197357
876,0.0605957,738,0.0349295,813,0.0318637,572,0.0195657,885,0.0187551
794,0.0663863,716,0.0473829,937,0.0278116,700,0.0231621,885,0.0201876
405,0.107036,885,0.0459857,562,0.0312849,565,0.00797868,450,0.00516522
669,0.0411498,884,0.0377286,562,0.0295284,421,0.0178581,803,0.0149338
785,0.0540139,908,0.0479035,794,0.0232932,903,0.0212938,916,0.0142538
706,0.111592,660,0.109202,915,0.0663525,975,0.0248146,799,0.0178302
836,0.0463736,837,0.0316087,918,0.0216456,916,0.0203723,885,0.016457
836,0.0285827,409,0.0191596,778,0.0157575,470,0.013835,762,0.0134176
433,0.129448,803,0.0524642,693,0.0261466,580,0.0206644,814,0.0182588
970,0.0623778,974,0.021284,801,0.0204062,984,0.0170989,978,0.015833
977,0.0796311,671,0.0328148,979,0.0287466,958,0.0255532,978,0.0168663
842,0.135978,851,0.0812764,794,0.0422641,916,0.0185839,354,0.0118368
562,0.24955,876,0.0385447,296,0.0174055,329,0.0152585,6,0.0135005
610,0.06676,535,0.0447136,671,0.0407569,444,0.0172876,744,0.010734
794,0.02367,982,0.0236461,549,0.0180145,406,0.0167604,520,0.013836
698,0.271592,668,0.0659126,562,0.0361301,975,0.0214303,972,0.0198728
837,0.0389697,793,0.0378114,762,0.0344127,834,0.0261733,903,0.019928
838,0.0422392,836,0.0290997,916,0.0197699,452,0.014321,769,0.0137031
977,0.0628437,6,0.0451071,801,0.0376117,701,0.0268796,417,0.0159198
903,0.218381,643,0.0785475,697,0.0268698,885,0.0181808,794,0.00732412
681,0.0588297,762,0.0475273,642,0.0277256,837,0.0264275,526,0.0259089
706,0.100321,716,0.0876191,660,0.0762262,468,0.0398003,920,0.0281139
648,0.039433,421,0.032389,525,0.0295541,787,0.0252925,743,0.0202286
803,0.318388,408,0.0575163,864,0.0387779,717,0.0268985,586,0.0253836
840,0.0803624,415,0.0465528,865,0.0288663,228,0.0209418,552,0.0159456
6,0.440117,5,0.132987,977,0.0108505,974,0.00899744,913,0.00645006
737,0.403972,680,0.095165,549,0.0417127,473,0.0239791,898,0.0147815
794,0.0771826,669,0.0624194,861,0.0551181,899,0.0348409,680,0.0135754
580,0.0816632,904,0.0664525,815,0.0396263,794,0.0244232,912,0.0240078
722,0.083991,669,0.0671241,916,0.0557575,549,0.0336946,458,0.0304716
916,0.0627602,631,0.0374557,617,0.0156432,794,0.0153206,961,0.0130293
536,0.0397486,449,0.0283097,724,0.0230427,914,0.0145623,905,0.0134831
509,0.0335831,665,0.0329262,617,0.0220971,803,0.0199229,467,0.016364
982,0.0387419,617,0.0228993,837,0.0209259,851,0.016554,836,0.0156125
916,0.0418082,617,0.0253723,549,0.0195034,664,0.0122359,904,0.0116265
510,0.0469139,530,0.0374197,421,0.0297427,977,0.0187951,919,0.0158581
876,0.177726,842,0.0227926,700,0.0213358,801,0.0146586,435,0.0120337
242,0.0637885,163,0.0407438,171,0.0335652,977,0.0258794,208,0.0213228
335,0.0898052,279,0.0566396,296,0.0504799,448,0.0330979,222,0.029742
163,0.213348,207,0.0966656,208,0.0745682,176,0.0201994,161,0.0184196
549,0.0835694,434,0.0460217,605,0.0176842,879,0.0165967,680,0.0139391
552,0.0779337,749,0.0471491,549,0.0243475,823,0.017872,605,0.0169991
845,0.0461761,759,0.0330339,433,0.0245734,610,0.021699,633,0.0184621
916,0.0303413,591,0.0255123,463,0.0243108,584,0.0200193,647,0.01591
728,0.0316001,549,0.0210496,711,0.0205099,982,0.0191303,478,0.0183584
617,0.0202442,585,0.0197538,919,0.0184841,679,0.0130556,916,0.0119905
419,0.0449141,549,0.0351804,919,0.0330598,729,0.00896923,742,0.00768852
419,0.0971867,711,0.0337319,584,0.0253548,549,0.0190558,680,0.0170026
459,0.123462,823,0.02978,568,0.0193618,616,0.0167423,916,0.0159314
662,0.232843,699,0.0360817,478,0.0329186,549,0.0284705,674,0.0211782
612,0.0590474,751,0.0329486,803,0.0265154,670,0.0239567,661,0.022435
716,0.0715274,706,0.0473477,794,0.0402272,611,0.0171193,660,0.0140726
762,0.0337507,818,0.0203622,624,0.0177007,424,0.0147761,919,0.0143586
476,0.0665492,794,0.0244891,982,0.0160981,971,0.013991,424,0.00801115
977,0.0776533,984,0.0376494,975,0.0315581,752,0.0140789,880,0.012867
602,0.0846611,702,0.0635414,733,0.0546489,843,0.0326208,416,0.0222929
916,0.103247,842,0.0469358,799,0.0277338,775,0.01689,562,0.0148589
842,0.0485402,974,0.0476214,2,0.0476063,977,0.0257003,978,0.0245085
671,0.0805905,6,0.0482791,371,0.0117409,5,0.0112308,646,0.0111839
970,0.243719,795,0.0508457,971,0.0374723,885,0.0290867,819,0.0283631
876,0.32357,669,0.0454452,794,0.0291561,982,0.00915251,971,0.00761156
518,0.138822,669,0.0365044,716,0.0155293,549,0.0140556,762,0.0109003
903,0.168158,610,0.0441303,916,0.00899218,885,0.00676289,568,0.00598639
549,0.052962,866,0.0253183,916,0.0161043,249,0.0146349,408,0.012973
478,0.034868,490,0.0323774,794,0.0146451,519,0.013071,669,0.0126151
617,0.0127152,906,0.0124806,903,0.0123922,916,0.0109694,885,0.00988214
807,0.0489867,522,0.0401182,153,0.0307752,916,0.0209333,228,0.019247
676,0.0222064,253,0.0201351,36,0.01464,112,0.0133368,371,0.0127273
549,0.0598824,862,0.0372498,794,0.0300614,903,0.0212221,580,0.0159114
807,0.0714605,876,0.0233104,920,0.0213105,908,0.018121,562,0.0152109
905,0.0179272,562,0.0175488,668,0.015935,438,0.0129813,669,0.0108112
768,0.0672031,971,0.0509542,805,0.034602,890,0.0295759,522,0.0273995
998,0.0421771,838,0.0194668,522,0.0139653,0,0.0115215,929,0.0101495
549,0.0536338,751,0.0309151,794,0.0273971,978,0.024974,716,0.0163672
789,0.0747681,975,0.0646535,984,0.0623248,985,0.0534699,998,0.0177507
786,0.100119,549,0.0582266,745,0.0472281,793,0.0186436,714,0.0132732
971,0.246923,400,0.0425785,902,0.0356123,433,0.0068181,617,0.00378643
868,0.162313,738,0.103205,924,0.037413,943,0.0231259,937,0.0177899
819,0.0247856,862,0.0213345,875,0.0180915,430,0.0165854,432,0.0163594
979,0.130154,562,0.0854337,975,0.0835128,978,0.0407808,984,0.0365332
476,0.0660028,562,0.0410813,698,0.039582,984,0.0318967,837,0.0209734
977,0.122802,549,0.0736918,970,0.0639303,980,0.0478336,978,0.0268949
819,0.275984,558,0.118004,402,0.0266383,862,0.0182935,921,0.0109812
455,0.053873,793,0.0538141,772,0.0487151,916,0.0316486,470,0.0312381
610,0.118048,919,0.0229864,419,0.0183674,714,0.0177479,692,0.0131898
976,0.369654,978,0.00506532,460,0.00335004
669,0.0398775,971,0.0280938,604,0.0118124,908,0.0115968,468,0.0111236
711,0.0216418,416,0.0153819,919,0.0106475,720,0.0100055,971,0.0092572
654,0.0805157,549,0.0475299,555,0.037929,876,0.0311249,458,0.0287616
890,0.124249,430,0.0475469,543,0.0404822,602,0.0290122,639,0.0265244
655,0.130347,794,0.037645,837,0.0305123,669,0.0228624,876,0.0191068
971,0.0292074,818,0.0284529,562,0.0195231,982,0.0142969,851,0.0115144
203,0.106031,204,0.0198218,153,0.0168259,229,0.0143023,257,0.0130802
819,0.364906,971,0.0668933,692,0.0255029,818,0.00627927,555,0.00494439
697,0.0301776,883,0.0284876,610,0.0283474,470,0.028101,711,0.0242489
916,0.0920702,929,0.0782518,679,0.0654301,678,0.0348757,921,0.0202248
903,0.134464,503,0.037456,943,0.0333689,438,0.0297401,899,0.0206053
821,0.0261879,916,0.0172803,593,0.0166151,974,0.0143745,111,0.0132379
470,0.0410373,969,0.0267951,1,0.019665,530,0.0180696,968,0.0160774
433,0.05737,652,0.0411176,838,0.013892,794,0.0134649,600,0.0132534
975,0.0435259,977,0.0251919,458,0.0166067,974,0.0148956,425,0.0131195
500,0.135879,972,0.0725229,984,0.0557759,916,0.0534945,686,0.0193736
629,0.125598,549,0.0501976,419,0.0372102,845,0.0271724,643,0.026024
728,0.0541006,595,0.0436012,669,0.0271638,971,0.0116188,478,0.011544
852,0.0530796,530,0.0360776,731,0.0277979,433,0.0234122,902,0.0212756
819,0.0837475,818,0.0509301,711,0.0208345,862,0.0140012,644,0.0132696
971,0.0279252,827,0.0277005,543,0.0185321,680,0.017006,438,0.0154661
33,0.711972,112,0.020399,700,0.0082423,107,0.00526174,801,0.0045873
549,0.0330106,984,0.023544,458,0.0180145,595,0.0133336,530,0.0126604
470,0.0690756,584,0.0588001,876,0.0388499,435,0.0367065,419,0.0190784
671,0.0608351,916,0.0428682,880,0.0323372,823,0.0260296,917,0.0240571
610,0.0826275,617,0.0301766,793,0.0106116,813,0.00900242,885,0.00550363
438,0.126292,610,0.109216,470,0.0838077,722,0.0262372,739,0.022542
562,0.1937,672,0.0424486,971,0.0376923,977,0.0176653,149,0.0140963
916,0.05809,435,0.0221181,549,0.0192905,982,0.0176436,919,0.0158841
880,0.0186292,977,0.0157799,897,0.0143652,716,0.0113754,713,0.00945364
310,0.0395578,489,0.0367508,984,0.02632,309,0.0225428,991,0.0210541
984,0.029318,885,0.0266316,730,0.025468,852,0.0244017,979,0.0180544
335,0.359295,333,0.0456719,331,0.0356453,203,0.00868466,250,0.00672579
560,0.0738845,971,0.0334564,885,0.0236244,562,0.0227734,610,0.0212973
433,0.227365,842,0.0943632,916,0.0262425,421,0.00858687,728,0.00849053
697,0.0758325,578,0.059747,459,0.0452026,903,0.0187136,916,0.0183342
971,0.038187,107,0.0248399,549,0.0150288,819,0.0135878,903,0.0132432
919,0.0285121,971,0.0217923,876,0.0197455,880,0.0177421,842,0.017393
470,0.0131845,478,0.01049,526,0.0103164,845,0.00863292,561,0.00594266
480,0.0718489,465,0.0511124,916,0.0419681,713,0.00553685,786,0.00546252
529,0.0226665,669,0.0148832,530,0.0142301,704,0.0137777,700,0.013178
644,0.062726,984,0.0525786,723,0.0396637,562,0.0265224,309,0.0243472
433,0.0961447,6,0.0198519,506,0.0195908,876,0.0156836,450,0.00989152
916,0.086636,980,0.0828522,672,0.0489971,303,0.0322945,781,0.0305163
844,0.0434915,758,0.0317488,754,0.0307214,530,0.0219194,974,0.0183006
977,0.0416444,664,0.0337062,801,0.0185316,701,0.0184663,978,0.0175404
819,0.173169,971,0.0389466,862,0.0189302,433,0.0186325,562,0.0168202
842,0.0518798,590,0.026735,782,0.0230801,749,0.0215919,507,0.0143339
759,0.209028,916,0.0510303,530,0.0232561,626,0.0191037,585,0.0153772
903,0.0154087,585,0.015298,629,0.0151946,794,0.0135633,680,0.0100367
970,0.179146,979,0.166019,975,0.0402556,6,0.0336398,972,0.0169208
688,0.131693,424,0.0340388,876,0.0317182,916,0.0223035,698,0.0154083
39,0.622538,363,0.0340288,48,0.0227806,42,0.0156273,33,0.0141997
318,0.446145,317,0.0334172,320,0.01677,310,0.0136916
656,0.216534,617,0.031641,620,0.028559,799,0.0107257,523,0.00617233
759,0.0408919,691,0.0398285,447,0.0376593,813,0.030909,686,0.0275949
916,0.0633024,543,0.0570622,739,0.0233355,422,0.018815,756,0.0186863
694,0.0809703,517,0.0614798,821,0.0225292,862,0.0209226,1,0.0175266
746,0.253523,795,0.0663081,844,0.017547,971,0.016292,905,0.00999976
780,0.11424,871,0.0623159,669,0.0254661,2,0.0204443,977,0.02041
333,0.110701,728,0.0448481,961,0.0444456,692,0.0172674,335,0.0164654
841,0.263078,726,0.0825719,759,0.0689021,613,0.0274753,985,0.00912129
617,0.247066,487,0.037559,590,0.0249787,424,0.0215746,813,0.0193873
975,0.192445,460,0.0521727,916,0.0296914,472,0.0245074,977,0.0130926
607,0.054408,697,0.035367,762,0.0170512,971,0.0166605,929,0.0160639
977,0.168308,562,0.0457948,525,0.0440713,978,0.0350479,460,0.0117156
610,0.0539988,841,0.0212794,929,0.021021,903,0.0188929,728,0.0133669
905,0.0650169,483,0.0501501,716,0.0405834,525,0.0306121,975,0.0122927
865,0.0495303,498,0.0178955,904,0.0178904,580,0.0173585,762,0.0123201
977,0.0981031,975,0.069826,946,0.0547309,984,0.0528275,815,0.0223843
880,0.0949284,604,0.0440821,617,0.0392945,583,0.0289069,549,0.0182189
834,0.187875,788,0.034561,549,0.0305429,919,0.0183075,982,0.0183034
617,0.0553469,879,0.0307587,905,0.0298591,974,0.0153184,979,0.0124979
549,0.0875256,697,0.0540879,773,0.0397418,899,0.0306655,916,0.0291965
549,0.0791892,958,0.0517215,419,0.0220908,898,0.0121511,499,0.00952219
419,0.0626179,112,0.0524808,327,0.0388621,416,0.0247573,700,0.018736
916,0.0380781,919,0.0353374,424,0.0237542,691,0.0222719,702,0.0222394
6,0.110191,562,0.0514388,977,0.0210594,978,0.0177242,973,0.0157127
984,0.0511036,973,0.0378892,580,0.0286768,865,0.0250795,611,0.0217888
861,0.0657089,417,0.0634963,818,0.05352,971,0.0498731,727,0.0469594
978,0.124342,2,0.0653473,698,0.0241115,772,0.0197057,795,0.0133578
698,0.115507,873,0.0430146,549,0.0390331,888,0.0326375,663,0.0191875
762,0.0673664,982,0.0225518,971,0.00827333,697,0.00569238,430,0.00567177
905,0.130757,762,0.074206,498,0.0296358,854,0.0268355,406,0.0137537
617,0.0616393,475,0.0500833,978,0.0436741,982,0.0388695,834,0.017876
794,0.0216124,865,0.0185607,812,0.0183292,433,0.0144241,842,0.0133424
851,0.039709,971,0.034261,549,0.0254966,699,0.0119427,819,0.0117933
971,0.0222381,837,0.020037,433,0.0137992,743,0.0129254,424,0.012595
903,0.17332,549,0.0386708,617,0.0269405,419,0.0267815,457,0.0225012
788,0.0826804,903,0.0312087,459,0.0250197,555,0.0237746,585,0.02048
617,0.0583984,775,0.049591,655,0.0294162,982,0.0111772,842,0.0110566
804,0.0412008,712,0.0203526,700,0.0179183,161,0.0157686,921,0.0120372
483,0.0768994,530,0.0611109,406,0.0606839,698,0.0527909,984,0.0367688
617,0.0466449,851,0.0408137,916,0.0272841,782,0.0190015,468,0.0129178
762,0.112497,982,0.0728327,683,0.0217929,457,0.0209239,400,0.0147938
549,0.0386609,476,0.0293099,743,0.0193894,669,0.00899965,796,0.00889568
643,0.0325098,678,0.0304635,433,0.0262479,971,0.0253936,747,0.0211235
818,0.0828198,416,0.0333038,549,0.0256931,837,0.0183777,971,0.0109684
819,0.827153
697,0.0301776,883,0.0284876,610,0.0283474,470,0.028101,711,0.0242489
701,0.101254,417,0.0414281,908,0.0290981,916,0.0269449,971,0.0197599
617,0.119201,714,0.0584335,433,0.0222604,585,0.0157456,678,0.0126025
838,0.0799556,678,0.0509369,458,0.0210825,971,0.0151241,837,0.0123862
916,0.297785,800,0.0811946,762,0.0207801,781,0.0130232,886,0.00666041
805,0.249787,841,0.0453238,549,0.037175,752,0.0363756,615,0.0104749
876,0.268964,794,0.0253246,669,0.0193183,803,0.0163457,971,0.0137734
272,0.0296774,794,0.0275758,985,0.0269594,310,0.0205867,313,0.0162263
916,0.0627402,633,0.0328319,610,0.0322658,971,0.0295069,919,0.0191157
4,0.0969338,971,0.0951804,983,0.0846977,3,0.0369293,2,0.0277914
976,0.0988489,978,0.0728716,979,0.0510562,970,0.0424099,977,0.0267231
697,0.118746,700,0.0203473,549,0.0169824,529,0.0146001,474,0.0141401
819,0.206038,862,0.037114,818,0.0197412,546,0.0109963,982,0.010735
851,0.0827017,458,0.0204272,836,0.0191021,982,0.0185162,549,0.0164777
421,0.0511641,706,0.044972,794,0.0317241,549,0.0309233,896,0.0302937
851,0.0384623,794,0.0305688,908,0.0242068,530,0.0237149,978,0.0211268
984,0.0698913,839,0.0544579,525,0.0497696,815,0.048188,769,0.0135359
978,0.145737,972,0.114508,976,0.0948124,975,0.0325404,814,0.0310969
641,0.128399,513,0.0852723,650,0.0670695,617,0.020263,971,0.00755001
819,0.0722207,818,0.0303512,851,0.0267513,562,0.024861,982,0.0177859
977,0.157839,842,0.0652016,693,0.0548131,646,0.0294373,974,0.0187255
578,0.0756673,562,0.0434238,794,0.0407038,971,0.0290923,982,0.0219326
975,0.0631522,649,0.0490858,916,0.0332952,549,0.0322655,976,0.0299556
509,0.0967061,916,0.0599119,549,0.00696257,614,0.00558302,580,0.00551385
819,0.107424,887,0.0492696,971,0.0469216,982,0.0235225,865,0.00918887
558,0.113375,610,0.0869498,731,0.0587724,549,0.024976,542,0.0234165
837,0.368877,903,0.035751,650,0.0290561,982,0.0254325,919,0.0221461
975,0.0856046,698,0.0751053,682,0.0382513,417,0.0362847,984,0.026869
669,0.0363288,845,0.0320481,549,0.0313495,731,0.0178368,844,0.0163731
819,0.196525,530,0.0415008,854,0.0207946,851,0.0157363,688,0.013844
819,0.0574293,982,0.0449526,697,0.0375294,887,0.0189932,929,0.0124365
610,0.0453228,697,0.023688,624,0.0165107,470,0.0126532,419,0.0082805
751,0.119669,977,0.0660705,785,0.0207934,908,0.0205162,817,0.020191
767,0.0570474,902,0.0542821,584,0.033366,710,0.0300673,719,0.0228863
617,0.0295397,728,0.0264954,480,0.0219704,982,0.0202096,793,0.0146912
916,0.0854272,549,0.0638473,617,0.0526719,836,0.0302442,470,0.0247673
562,0.244704,650,0.0922113,617,0.0353031,929,0.0217054,869,0.0200219
669,0.0430252,880,0.0370962,794,0.0364903,971,0.017045,671,0.0144745
872,0.0233341,691,0.0230511,728,0.0222544,905,0.0220777,745,0.015466
643,0.081836,903,0.0624361,629,0.0344095,549,0.0211877,844,0.0171801
754,0.0976058,742,0.03629,704,0.0331868,745,0.0143379,605,0.0116267
971,0.0345713,819,0.0243515,549,0.0182871,794,0.0138058,562,0.0115499
484,0.132391,871,0.0291998,762,0.0278284,549,0.0233229,799,0.0207998
945,0.0215498,669,0.0152831,644,0.0143625,944,0.011925,310,0.0109896
903,0.043222,549,0.0367681,793,0.0336032,879,0.0312093,667,0.0294939
654,0.0683835,825,0.0245861,982,0.0184562,843,0.0171361,491,0.015196
617,0.0674799,419,0.0574285,793,0.0332393,424,0.0330503,788,0.0201034
755,0.0496128,904,0.0364254,975,0.0334674,984,0.0334297,948,0.0323073
973,0.159854,107,0.068934,6,0.0420082,794,0.0350189,728,0.0295424
660,0.0698421,864,0.041519,656,0.0291532,912,0.0195179,916,0.0167019
617,0.126567,978,0.0229654,435,0.0229017,916,0.0188217,794,0.0180015
975,0.0387134,515,0.0296273,838,0.0222776,652,0.0175417,929,0.0112293
738,0.269397,580,0.0843599,706,0.0138162,937,0.00783754,998,0.00691283
457,0.079556,819,0.0774826,851,0.0405357,837,0.0321968,688,0.0192461
977,0.076165,814,0.0489309,974,0.0484077,801,0.0418165,978,0.019005
961,0.0316046,107,0.0281496,828,0.0214911,971,0.0198194,885,0.0148129
444,0.0949197,671,0.0598604,610,0.0431052,880,0.0367459,887,0.0287223
877,0.034214,762,0.0329758,476,0.0291781,799,0.0262373,794,0.0167963
484,0.0538646,780,0.051915,977,0.0363053,914,0.0318244,871,0.0311309
912,0.0782915,984,0.0657265,870,0.0519458,805,0.0401016,621,0.0288432
921,0.0362342,794,0.0220583,971,0.0177635,600,0.0160846,819,0.0151093
518,0.218678,801,0.0552827,433,0.054167,836,0.0293395,922,0.0151079
681,0.129506,620,0.068129,673,0.0115363,971,0.0100431,697,0.00636269
671,0.149446,921,0.0505703,444,0.0340914,830,0.0210718,549,0.0174366
4,0.0457417,979,0.0418496,413,0.0393549,730,0.0306342,970,0.0287918
81,0.340716,21,0.258446,549,0.0112289,885,0.00721193,20,0.00521028
802,0.0559941,408,0.0384789,974,0.0292339,609,0.0252977,866,0.0197942
489,0.0650016,695,0.032342,999,0.0318922,700,0.0268384,804,0.0186923
793,0.0548147,885,0.0320759,887,0.0177987,610,0.0118066,728,0.00795158
970,0.123093,795,0.0259627,972,0.023321,649,0.0227918,354,0.0151274
655,0.08982,841,0.046375,824,0.0283746,774,0.0143889,411,0.0133567
971,0.124781,470,0.0177691,549,0.0167065,458,0.0141321,887,0.013925
975,0.0808101,904,0.0476209,671,0.0296073,421,0.0135783,984,0.0134429
584,0.0433698,679,0.0361276,419,0.022915,793,0.021942,971,0.021112
631,0.082431,903,0.06412,892,0.0532117,971,0.0221953,639,0.0210353
977,0.0538462,639,0.053291,916,0.0156729,561,0.0119372,549,0.0113497
916,0.0560774,903,0.0442104,526,0.0269916,399,0.0244122,453,0.0163184
682,0.0463803,611,0.0299102,698,0.0284336,905,0.0238716,562,0.0235577
977,0.327853,921,0.0599534,978,0.0367073,975,0.029492,549,0.0276092
982,0.0312285,862,0.0189194,617,0.0175689,578,0.0167796,424,0.0131078
971,0.126677,982,0.0195044,617,0.0120726,614,0.0116433,929,0.011432
629,0.0891098,419,0.0622608,845,0.0372982,593,0.0336995,680,0.0274328
425,0.0627293,905,0.0478874,916,0.0296866,794,0.0240608,449,0.0213441
897,0.0606823,712,0.0500986,549,0.0375476,610,0.0297128,885,0.0189698
549,0.0851458,977,0.084856,978,0.0689254,885,0.0511207,916,0.0309057
180,0.172063,242,0.0127486,171,0.0112005,179,0.010905,240,0.00964548
977,0.140013,978,0.0911192,562,0.0277563,536,0.0166612,975,0.0157634
977,0.0903532,460,0.0680007,978,0.0666139,144,0.0438743,912,0.0128779
402,0.438433,546,0.0925667,845,0.0170427,885,0.00253542
971,0.0463607,819,0.0281326,903,0.0189294,669,0.0184925,399,0.0149003
803,0.0947335,844,0.0213688,609,0.0206867,728,0.0161883,866,0.0112271
586,0.076947,595,0.0760236,803,0.0354702,730,0.0302462,856,0.0163555
882,0.0234376,697,0.0191558,422,0.0190888,458,0.0123543,702,0.0117599
652,0.0461361,819,0.0422547,862,0.0402399,854,0.0226778,549,0.0178819
546,0.100292,845,0.0568564,740,0.010003,589,0.00540469,784,0.00422649
405,0.103978,12,0.0409574,972,0.0195143,701,0.0140491,70,0.0121611
794,0.0528918,669,0.0356769,818,0.03196,885,0.0220389,372,0.0204267
433,0.0457421,562,0.0252867,794,0.0167763,801,0.0160361,789,0.0147819
433,0.0888491,916,0.07995,549,0.0648121,838,0.0263058,617,0.0149274
568,0.0208838,617,0.0207756,698,0.0142198,656,0.0103573,796,0.010298
610,0.131112,617,0.0795603,711,0.00677931,781,0.00403966,530,0.00285603
895,0.526121,975,0.0137432,404,0.0117645,405,0.0092621,867,0.00847955
837,0.102912,836,0.0252241,457,0.0216322,698,0.0163837,415,0.0127154
701,0.560395,405,0.0556854,980,0.0333883,417,0.0239144,475,0.0133443
487,0.049081,651,0.0365871,590,0.0306691,868,0.0216082,922,0.01396
610,0.18555,722,0.0210329,543,0.0199244,639,0.0139436,530,0.0139079
617,0.102194,887,0.0180013,837,0.0153601,698,0.0143839,562,0.0122631
610,0.072964,530,0.0220485,921,0.0111279,916,0.00933546,862,0.00625355
617,0.107782,984,0.0244076,549,0.0124165,885,0.00967118,834,0.00916657
801,0.0732819,4,0.0573699,6,0.0435351,149,0.0424602,2,0.0317871
422,0.257898,543,0.0595537,602,0.0511377,733,0.02508,530,0.0247675
819,0.167756,785,0.113259,971,0.0751189,539,0.0277857,837,0.0269665
803,0.148069,864,0.139912,970,0.0387759,525,0.0250312,458,0.0103746
562,0.0744245,977,0.049844,975,0.03368,525,0.0329202,580,0.0236998
641,0.0501411,903,0.0250698,680,0.025058,506,0.0185561,765,0.0181732
425,0.384711,646,0.0527369,421,0.016185,977,0.0160592,660,0.0149944
652,0.028321,876,0.0268952,617,0.0248845,793,0.0239291,903,0.0195007
549,0.0950877,713,0.0671822,940,0.0448493,617,0.0383678,728,0.0278001
617,0.0848223,702,0.0496287,887,0.0232681,549,0.017229,890,0.0167198
903,0.31495,735,0.0946088,568,0.040907,783,0.0178967,474,0.0138616
865,0.0686792,706,0.0255446,775,0.0239721,762,0.0209204,860,0.0173365
259,0.0810028,263,0.031475,978,0.0300495,421,0.0231124,257,0.0227144
578,0.0406411,880,0.0383073,729,0.0286605,523,0.0214533,459,0.0168803
626,0.0782548,866,0.0576794,448,0.0532263,669,0.0503588,637,0.0444198
903,0.0691118,580,0.0233705,706,0.013552,779,0.0117606,971,0.0113502
435,0.171565,794,0.0563814,669,0.0238356,971,0.0221252,897,0.00421277
892,0.0351377,458,0.0267929,107,0.0171255,794,0.0141681,819,0.0140603
834,0.199635,111,0.0938158,982,0.0885923,906,0.00990281,885,0.00908432
971,0.0394213,570,0.025749,978,0.0237521,976,0.0168698,851,0.0152433
506,0.163285,971,0.0908781,417,0.020872,549,0.0187098,908,0.015642
984,0.092554,580,0.0672248,716,0.026279,660,0.0211153,794,0.01328
652,0.0583534,793,0.0322364,518,0.0211104,452,0.0194956,678,0.0181702
678,0.0374111,793,0.0316603,691,0.0283164,652,0.0271605,518,0.00937547
660,0.0792355,799,0.0521109,716,0.0436701,525,0.0223598,580,0.0203979
919,0.0491698,617,0.0354193,681,0.0259287,530,0.0169877,916,0.0136304
819,0.0734432,740,0.0221466,650,0.00977568,456,0.00954016,422,0.00881037
617,0.0694706,696,0.0453194,324,0.0341868,841,0.0304746,738,0.0162542
433,0.0470105,981,0.03352,644,0.0218309,667,0.0161849,549,0.0119129
916,0.1089,457,0.0972571,617,0.0942397,834,0.0607163,664,0.0159312
525,0.10302,977,0.0582369,916,0.0443811,617,0.0224671,915,0.0149645
948,0.0376526,664,0.0303005,115,0.0263414,913,0.0183408,600,0.0164078
669,0.0531016,916,0.040787,781,0.0402801,611,0.0281597,591,0.0280773
916,0.0385823,631,0.0360003,906,0.0322443,861,0.0286292,549,0.0233002
977,0.0473135,549,0.0229105,916,0.0198289,166,0.017381,842,0.0133032
920,0.188067,803,0.0796072,555,0.0610105,971,0.0403531,468,0.0239673
736,0.215576,435,0.0378226,876,0.0331852,549,0.0192888,617,0.0181311
880,0.0728372,870,0.035936,665,0.0355534,698,0.027882,841,0.0266063
285,0.0282739,792,0.0201935,458,0.0197992,905,0.0122724,845,0.0122228
794,0.0427474,916,0.0425072,549,0.0200283,617,0.0188127,885,0.0143933
530,0.0329635,421,0.0323156,678,0.0203888,702,0.0198027,669,0.0139002
549,0.131715,458,0.0304101,818,0.019924,794,0.0194926,722,0.0165443
968,0.225207,916,0.0956055,647,0.0592557,969,0.0347149,659,0.00951401
652,0.0613728,610,0.026125,970,0.0238675,722,0.0197261,764,0.0152256
903,0.169379,819,0.0223572,971,0.0184301,549,0.0177792,585,0.0165085
549,0.0463132,971,0.0429761,908,0.0249606,801,0.0212355,815,0.0174053
895,0.0790586,905,0.0540565,904,0.0446568,975,0.0363148,730,0.0245057
884,0.0436047,794,0.027428,678,0.0219078,892,0.0166403,634,0.0162587
977,0.160445,975,0.0603878,484,0.0557867,807,0.0341321,780,0.0196023
718,0.0827866,562,0.0777304,920,0.0682313,877,0.0496833,449,0.0258547
904,0.0638355,562,0.0381117,920,0.0290671,604,0.024148,885,0.0220015
819,0.151337,406,0.0217592,561,0.0162795,920,0.00680062,880,0.00458181
621,0.173437,573,0.124269,693,0.0281983,728,0.0260715,802,0.0140858
549,0.209629,470,0.037979,712,0.0295849,896,0.0277504,692,0.0183612
416,0.0876379,433,0.0813359,549,0.0213391,459,0.0213045,794,0.0163954
903,0.686554,585,0.020189,916,0.0105741,470,0.00708481,617,0.00473031
971,0.0473731,711,0.0425714,845,0.0164433,898,0.011707,692,0.0106017
678,0.0511282,799,0.0472187,794,0.0235419,580,0.017796,617,0.0142797
831,0.0299899,753,0.00988441,726,0.00670058,499,0.00644387,394,0.00475208
447,0.0411755,617,0.0371554,475,0.0349989,807,0.0334517,557,0.0281672
982,0.112696,851,0.0952938,916,0.0589884,903,0.033266,656,0.017314
626,0.20326,902,0.0269413,419,0.0252383,720,0.0207638,633,0.019597
801,0.309865,876,0.174807,435,0.0497855,433,0.025083,6,0.00890776
916,0.0832411,868,0.0811499,530,0.0411475,611,0.0257576,539,0.0128351
880,0.21998,890,0.0271719,981,0.0134795,768,0.0122217,805,0.0116007
458,0.0391187,794,0.0198695,775,0.0183764,728,0.0153606,708,0.0132236
906,0.0398728,549,0.0266669,984,0.0207483,111,0.0183121,971,0.0154281
617,0.045194,892,0.0408123,604,0.0343262,769,0.0234103,844,0.0213401
702,0.349552,743,0.0100341,416,0.00756529,765,0.00688724,890,0.00650107
697,0.377624,916,0.372256,549,0.0528563,419,0.00733504,798,0.00387577
402,0.0283979,421,0.0208492,646,0.0198161,546,0.0162692,880,0.0160156
916,0.249772,619,0.0724151,903,0.0386503,719,0.0365448,620,0.0267131
476,0.0441738,729,0.0325906,877,0.0310842,487,0.0189783,549,0.0189174
904,0.374154,799,0.100806,794,0.0223075,905,0.0132309,700,0.0102515
984,0.0434908,664,0.0375526,325,0.0374864,815,0.0291542,916,0.0175628
561,0.0544645,549,0.0511163,865,0.0351063,678,0.02429,803,0.0208074
530,0.0566869,532,0.0234711,702,0.016634,406,0.0109615,762,0.0100203
669,0.108926,617,0.0222627,562,0.0153608,455,0.0123304,794,0.012194
834,0.127812,430,0.0803371,890,0.0518336,416,0.0116477,702,0.0115566
818,0.154205,971,0.0347699,549,0.0291247,916,0.0220847,111,0.0102759
605,0.471379,590,0.0380438,761,0.0228299,487,0.0173234,916,0.0131523
970,0.116873,795,0.0737512,803,0.0322348,537,0.0216379,762,0.0145563
912,0.0805351,660,0.0652997,663,0.0483056,698,0.0391013,807,0.0258032
819,0.130511,650,0.0328971,776,0.0298658,549,0.023483,542,0.0197989
701,0.0801833,428,0.0333621,830,0.0253031,634,0.0175366,902,0.0168179
825,0.428393,352,0.00904574,372,0.00705668,912,0.00681361,998,0.00567729
971,0.0521476,433,0.0275433,876,0.0163477,793,0.0144243,819,0.0118926
678,0.0456371,851,0.0353464,549,0.0353046,903,0.0351336,916,0.0287735
836,0.196974,801,0.0157984,678,0.00566806,906,0.00393825,885,0.00375931
680,0.135901,398,0.0616002,549,0.0309601,922,0.0244278,726,0.0214027
617,0.643151,916,0.0301462,785,0.00758786,660,0.00731527,906,0.0049369
416,0.0634715,788,0.0284746,422,0.0250179,523,0.0242175,890,0.0233584
646,0.0471866,698,0.0411095,880,0.0374712,665,0.0226004,870,0.0195328
970,0.358252,421,0.023665,912,0.0185479,549,0.0120085,557,0.0117223
970,0.0391571,980,0.037437,984,0.0288715,701,0.0255252,807,0.0250947
916,0.0946276,645,0.0247626,922,0.0212446,903,0.0179133,467,0.0154931
977,0.0518184,782,0.0344062,433,0.0243893,919,0.0200795,974,0.0179882
562,0.0517441,904,0.0388514,839,0.0271302,984,0.0254422,433,0.024998
978,0.04453,803,0.04232,970,0.0338198,672,0.0323365,148,0.0291556
978,0.247504,977,0.0896208,976,0.00580824,998,0.00517316,549,0.00451326
549,0.117965,416,0.0414667,430,0.0388733,677,0.0352704,456,0.0313102
430,0.0743293,890,0.0646741,880,0.0444344,921,0.0249283,916,0.015874
974,0.0951443,2,0.0596823,916,0.0518123,147,0.0443978,978,0.0252168
523,0.191159,711,0.0453545,776,0.0182509,702,0.0123088,819,0.00986073
752,0.0554823,805,0.0380395,523,0.035938,880,0.0356324,981,0.0273195
908,0.0921912,557,0.0350404,691,0.0284983,983,0.0257375,733,0.0208489
644,0.125112,769,0.103129,916,0.0653141,845,0.0399198,929,0.030088
631,0.0731991,844,0.0476335,761,0.0358262,605,0.0299166,845,0.0263771
562,0.0517441,904,0.0388514,839,0.0271302,984,0.0254422,433,0.024998
450,0.106863,417,0.0333796,727,0.0278051,818,0.0149988,876,0.0142141
577,0.120349,549,0.0632285,916,0.0621086,807,0.0426241,971,0.0215374
916,0.0815187,433,0.056138,819,0.0274982,801,0.0230284,842,0.0209261
475,0.0946225,685,0.0421577,656,0.0365045,785,0.0354397,479,0.0298684
549,0.06663,971,0.0237659,620,0.0212297,916,0.0205642,530,0.016447
980,0.209848,970,0.0672475,984,0.0529761,976,0.0406369,437,0.0278122
844,0.124233,916,0.0811108,664,0.0342023,499,0.0128682,712,0.0117501
513,0.0462561,971,0.0350596,617,0.0299943,875,0.024436,916,0.0191707
974,0.123406,660,0.0454042,458,0.0347114,980,0.0128575,562,0.00796515
979,0.0646357,912,0.0636473,974,0.0217158,970,0.01828,885,0.0152125
916,0.120016,669,0.0327754,549,0.023092,818,0.0110492,803,0.00971743
948,0.492288,470,0.0310098,861,0.015752,953,0.0109678,692,0.00833834
458,0.0245222,982,0.0223769,794,0.0150973,549,0.0145268,601,0.0137481
895,0.322226,701,0.0602157,984,0.0432117,958,0.0355066,595,0.0107458
404,0.218507,895,0.11033,908,0.0558193,405,0.0314918,814,0.0136089
404,0.423919,895,0.05451,812,0.0493113,405,0.0233214,908,0.0166502
515,0.0872522,971,0.0401137,793,0.0343717,452,0.0334369,643,0.021193
562,0.0195714,905,0.0117143,549,0.00627345,974,0.00606389,456,0.00542717
642,0.414232,776,0.0506974,111,0.0076351,401,0.00469972,549,0.00293263
916,0.442436,919,0.0314502,728,0.0152882,781,0.0148314,480,0.00741685
421,0.0400066,552,0.0358528,903,0.0231577,789,0.0215711,916,0.0212933
971,0.0210793,424,0.0157346,908,0.0128903,617,0.0120975,549,0.012086
617,0.190131,549,0.080615,530,0.0341903,585,0.0176228,898,0.0127556
626,0.093115,473,0.0626224,450,0.0272438,845,0.0238258,674,0.0171367
984,0.0302636,970,0.0206379,971,0.0192045,839,0.0185012,665,0.0144557
617,0.139775,530,0.0241655,885,0.019114,549,0.0188967,781,0.0122864
906,0.0302531,617,0.0266307,549,0.0245214,111,0.0210057,984,0.0200109
617,0.100213,905,0.0339736,903,0.0270272,794,0.0238302,982,0.017599
845,0.0342949,799,0.0317471,583,0.0217021,744,0.0164563,626,0.0134696
903,0.183106,549,0.0605627,692,0.0185354,916,0.01638,769,0.0123932
794,0.0455925,549,0.0283595,885,0.0195927,894,0.0125025,916,0.0106631
716,0.402343,905,0.0439551,880,0.0293227,753,0.011539,421,0.00919267
916,0.1022,802,0.03229,972,0.02635,870,0.0222662,880,0.0190821
895,0.712712,404,0.0066663,812,0.00656365
549,0.115656,464,0.0395068,826,0.0388863,623,0.0206832,711,0.0198424
819,0.242447,854,0.091512,762,0.0704395
972,0.317427,979,0.133258,980,0.0677117,483,0.0151212,500,0.00722967
908,0.0953191,475,0.0723888,977,0.0396773,807,0.0205368,660,0.0133082
698,0.198116,974,0.054191,483,0.0229989,489,0.016142,700,0.0152843
970,0.0710771,979,0.0623072,562,0.0302415,916,0.0286388,525,0.0236612
975,0.341373,549,0.0488478,978,0.0120962,977,0.00847284,657,0.00378175
617,0.107924,906,0.0883561,982,0.0787211,629,0.0313549,517,0.0158568
819,0.464921,416,0.0845445,862,0.0238502,562,0.00486712,530,0.00334185
905,0.0547912,617,0.0352321,447,0.0220155,729,0.0162875,982,0.0117271
984,0.101672,730,0.0626705,701,0.0452012,671,0.0232552,425,0.0192963
562,0.257974,549,0.0298269,916,0.0216696,905,0.017563,854,0.0155198
470,0.190627,968,0.0414459,441,0.0172498,463,0.0123827,969,0.00978132
431,0.180804,697,0.0361269,797,0.0262236,887,0.0175636,516,0.0158713
758,0.0785704,977,0.0221272,395,0.0192719,389,0.0184445,876,0.0160946
483,0.0837397,562,0.0710298,698,0.042882,471,0.0316301,794,0.021139
403,0.433647,833,0.122546,554,0.0717851,540,0.0133955,913,0.00828083
977,0.262267,654,0.0437862,663,0.0339031,530,0.0309215,794,0.0163239
610,0.038369,905,0.0313914,823,0.0278386,981,0.0276053,743,0.0246175
904,0.052908,549,0.0379588,562,0.0283839,842,0.0251103,669,0.0192194
738,0.276966,712,0.0366436,937,0.0338477,659,0.0275719,809,0.0162029
984,0.105053,915,0.0340526,660,0.0291961,706,0.0282533,449,0.0268057
978,0.0479725,549,0.0247202,794,0.0139347,974,0.0132662,153,0.0120368
433,0.0295665,610,0.0283073,971,0.0241121,837,0.0180031,929,0.0159506
819,0.121788,862,0.053959,476,0.0363737,971,0.0202958,1,0.0145394
803,0.0729955,970,0.0276697,562,0.0167416,549,0.0141957,802,0.011805
801,0.0732819,4,0.05737,6,0.043535,149,0.0424602,2,0.031787
568,0.0205695,903,0.0204347,549,0.0154715,617,0.0139053,523,0.0113784
822,0.276068,862,0.0903762,819,0.0656656,642,0.000980593
980,0.151812,970,0.0827569,984,0.0631157,979,0.0555187,972,0.0294212
818,0.0691272,619,0.0417324,884,0.0397069,861,0.0328873,506,0.026794
793,0.056796,610,0.0431146,617,0.0289324,915,0.0267688,792,0.0203927
617,0.116394,916,0.049584,549,0.00860197,610,0.00745127,799,0.00692509
973,0.235246,33,0.0820066,393,0.0668136,109,0.0340196,885,0.024842
416,0.100259,865,0.0445374,562,0.0272164,920,0.0100433,762,0.00947075
401,0.295798,819,0.121653,862,0.0164303,546,0.013122,920,0.00253802
312,0.134032,77,0.11268,70,0.0997647,74,0.0616816,310,0.0221936
801,0.308895,107,0.0311731,4,0.0192421,6,0.0178908,842,0.0115146
617,0.228757,837,0.0260462,424,0.0242236,971,0.0195139,772,0.0107664
349,0.112387,94,0.102225,980,0.0514069,970,0.0513596,339,0.0267074
620,0.278419,916,0.0642509,794,0.00880804,697,0.00875897,578,0.0081601
617,0.18825,549,0.0182026,823,0.0177329,977,0.0156302,743,0.0126758
671,0.0536789,714,0.0439788,730,0.0420476,980,0.037108,970,0.0364745
549,0.0580258,433,0.0449843,916,0.0390861,842,0.0308656,876,0.0289636
794,0.0605439,903,0.0411795,793,0.0342878,617,0.0229468,837,0.0202312
903,0.0417408,617,0.0378252,906,0.0136311,794,0.011503,529,0.00905067
903,0.10549,490,0.0481224,837,0.0299884,457,0.0277391,678,0.0248649
617,0.0180679,819,0.0151446,421,0.0144355,905,0.0127537,916,0.0118517
819,0.423306,854,0.0730072,794,0.015446,546,0.00688676,696,0.00679216
603,0.0817041,830,0.0431494,555,0.0327193,345,0.0282801,880,0.0277849
795,0.0764389,842,0.0513715,523,0.0378899,792,0.0185867,445,0.0157946
916,0.0500368,162,0.0473441,423,0.0165425,208,0.0131997,617,0.00869821
814,0.466861,977,0.167005,408,0.0532025,791,0.00679782
775,0.081427,978,0.0276844,977,0.027048,655,0.0228385,908,0.0191279
529,0.0468947,752,0.0333474,435,0.0192363,617,0.0144907,436,0.0137762
651,0.159374,549,0.0662468,876,0.0574733,896,0.023658,916,0.0189929
854,0.0909608,399,0.0346344,610,0.0263181,549,0.0166513,530,0.0164882
970,0.405572,458,0.0185823,701,0.0183975,972,0.0172788,691,0.0120821
617,0.446576,501,0.0443939,837,0.021629,794,0.0204005,434,0.0189098
671,0.2758,491,0.0167166,843,0.0139726,802,0.0133333,971,0.00749678
703,0.0367737,617,0.0344727,794,0.0239804,982,0.0225134,775,0.0135328
905,0.120136,831,0.0139835,543,0.00680669,245,0.0060292,746,0.00563925
549,0.108754,916,0.100823,885,0.0200666,982,0.0188779,794,0.0182205
880,0.0651366,916,0.0357349,837,0.0200464,319,0.0170802,818,0.0162578
711,0.12632,464,0.0968377,419,0.0491032,916,0.0429205,54,0.0242201
780,0.106693,554,0.104323,484,0.0511295,913,0.0412908,724,0.0192886
615,0.0341676,641,0.023447,422,0.0200977,655,0.0180143,702,0.0158184
819,0.0564023,107,0.0484814,971,0.0468096,457,0.0181745,700,0.0164794
971,0.0373864,794,0.0188595,696,0.0146302,419,0.0137591,845,0.0113535
921,0.115599,578,0.0773284,982,0.0597098,416,0.0188206,819,0.0162353
801,0.140561,971,0.0476812,6,0.0291025,977,0.0193459,974,0.0167112
660,0.10525,975,0.034722,803,0.0291279,977,0.012225,627,0.0107901
851,0.0448163,819,0.0310449,818,0.0292493,971,0.0246836,794,0.0148117
476,0.033074,890,0.032914,844,0.025875,733,0.0233946,602,0.0226533
617,0.0387553,399,0.0252049,903,0.0224667,424,0.0209745,530,0.0172991
978,0.0548307,977,0.0401207,842,0.0134748,971,0.0132868,537,0.0111578
782,0.0792079,458,0.0478753,984,0.0334917,681,0.0299057,666,0.0218675
908,0.0602839,977,0.0459901,885,0.0220734,672,0.0166502,794,0.0154736
610,0.101116,801,0.089466,971,0.0226963,549,0.0140356,678,0.0132895
801,0.22432,876,0.0383838,794,0.0267676,983,0.0249767,107,0.0191044
970,0.0986731,980,0.0383261,795,0.0274641,549,0.0257531,701,0.0246695
549,0.0746724,629,0.0331978,903,0.0303925,585,0.0286701,617,0.0221827
111,0.112133,538,0.0707077,562,0.0631,818,0.0479959,812,0.0355294
890,0.0920604,602,0.0245991,702,0.0215042,781,0.0185238,916,0.0152355
914,0.0424709,148,0.0408168,792,0.0407206,814,0.0226365,871,0.0123927
433,0.0430918,652,0.0336584,793,0.0297693,518,0.0144185,908,0.0111505
751,0.286847,919,0.0391504,974,0.0286411,530,0.0158396,978,0.012985
672,0.373237,970,0.0623631,974,0.0334139,980,0.0231545,649,0.0109468
807,0.0956019,780,0.0851022,871,0.037581,879,0.0255813,580,0.0249466
978,0.197474,977,0.126497,970,0.0420507,976,0.0334789,703,0.0107331
807,0.460376,780,0.0737133,871,0.0171065,672,0.00571662,970,0.00483004
6,0.251672,977,0.0361536,913,0.0325784,876,0.0241652,525,0.00858386
585,0.106492,616,0.0823663,840,0.0260363,845,0.0255292,542,0.0172769
913,0.0595566,971,0.0456768,973,0.0279474,700,0.0242661,801,0.0240624
672,0.150571,669,0.097648,794,0.064329,549,0.0115566,885,0.0104906
733,0.0892299,456,0.0670566,602,0.0237795,610,0.0060576,890,0.00426973
604,0.214122,458,0.023968,793,0.0226494,728,0.0163236,883,0.0141391
752,0.231662,458,0.0312402,646,0.00707829,880,0.0032685,727,0.00141541
660,0.0385682,706,0.0209418,564,0.0182981,970,0.0170423,458,0.0162037
593,0.0414805,419,0.0412581,844,0.0243822,626,0.0189043,633,0.0173837
552,0.0427106,982,0.0279473,578,0.0164182,433,0.0121885,865,0.00769004
405,0.136897,554,0.120486,974,0.0624176,562,0.0151353,807,0.00671734
701,0.145917,691,0.0373526,895,0.0187173,417,0.0157563,672,0.0135215
458,0.132072,659,0.0219958,604,0.0192898,530,0.0186107,680,0.0172741
801,0.0440209,518,0.0204078,916,0.0188706,885,0.0179915,691,0.0177514
794,0.0422361,728,0.0365335,906,0.0224104,770,0.0218648,885,0.0205928
701,0.116101,801,0.0753752,78,0.0267746,983,0.0192682,908,0.0115456
549,0.166814,761,0.0920465,905,0.0310527,419,0.0285382,530,0.00851424
633,0.141346,759,0.0699787,470,0.0567842,885,0.0248134,631,0.0208991
659,0.135709,925,0.0440024,313,0.029213,700,0.026528,813,0.0255778
629,0.082469,903,0.0738935,845,0.0125611,644,0.0078076,585,0.00712534
476,0.0486712,837,0.0206254,884,0.0205507,654,0.0148917,807,0.0137276
819,0.577275,971,0.00938085,562,0.0046108,762,0.00275932
819,0.0360885,546,0.0359102,515,0.0352305,420,0.0345358,808,0.0309374