0.96141094,3.20315671,128.0326538,1.554878473,4.632484913,0.052755736,0.00150118,0.67407763,0.589624584,0.17415309,0.899161994
0.753552973,4.926972389,123.0412445,1.251481891,3.935088396,0.119671695,0.003706645,0.47325471,0.352043509,0.248709321,0.893647909
0.925235748,2.444747686,128.0358887,1.221019268,6.435459137,0.069458425,0.002214616,0.71731478,0.56657356,0.2027165,0.926448524
0.778766096,8.907217979,91.14163208,1.14470768,3.306075811,0.137168139,0.012536873,0.674535513,0.472320944,0.133804962,0.783423185
0.182886153,6.064754486,115.5017395,1.139809608,4.018340588,0.074030206,0.00355345,0.694816768,0.576397061,0.128344312,0.840707302
0.720281661,5.006742954,91.20033264,1.266234517,4.107489586,0.167533219,0.010398613,0.291968822,0.308665067,0.254541785,0.896795452
0.871170104,3.812180996,110.7052155,1.165612817,1.863508463,0.135317236,0.0095452,0.401001722,0.342801601,0.210522786,0.87120676
0.885845721,6.184350014,89.10192108,1.283212781,4.150021076,0.157933578,0.013284133,0.516144097,0.428519875,0.242464364,0.888470948
0.453327,5.067842007,178.2058563,0.873021543,2.322106361,0.059845559,0.004182754,0.690215409,0.577598631,0.205917224,0.925336957
0.325574845,6.392074585,87.79083252,1.212878108,4.754186153,0.091796875,0.005859375,0.645470619,0.500181913,0.124034964,0.768982232
0.406910628,8.758793831,125.663765,1.155966163,4.219418526,0.178947374,0.007017544,0.468256176,0.436870635,0.282862395,0.902425826
0.264028847,5.914416313,132.6463165,0.846826792,0.602150977,0.032352511,0.001756697,0.796665311,0.596482515,0.179551199,0.889830768
0.009715325,12.55730248,128.6502228,0.958936632,3.940443993,0.183904335,0.00678733,0.512664855,0.313539773,0.199162573,0.879113555
0.010576515,12.69963264,163.950592,0.799195707,2.206981421,0.140265718,0.003832397,0.267147452,0.197979376,0.242491573,0.893614233
0.855153322,1.55030632,148.6100769,1.230880737,3.428815365,0.0746997,0.005255255,0.88573885,0.753266215,0.096832275,0.789303839
0.381550908,5.909182549,120.2163467,1.00392592,4.02505064,0.153982297,0.00505689,0.469353169,0.501868784,0.23177886,0.891500175
0.898359656,2.098721743,161.4993744,1.325045347,3.109279871,0.028601978,0.001603849,0.891352594,0.681370437,0.001388221,0.622374296
0.957202494,4.311113834,89.94623566,1.334293008,5.028017044,0.049034175,0.005943536,0.864363909,0.645609558,0.072537504,0.663602054
0.230020747,7.944230556,116.9514618,1.309079051,4.86613369,0.136387303,0.005205622,0.433882564,0.459125251,0.220706165,0.892797053
0.127904177,6.329292774,98.87931824,0.745644748,2.181752682,0.158858374,0.009154551,0.38674143,0.400427997,0.257499546,0.904143751
0.456497312,6.568788052,129.7550049,1.224736929,4.515529633,0.117246084,0.007498296,0.616151035,0.453149259,0.235432908,0.917976439
0.921248496,3.195298672,164.8211823,1.040437341,4.937231541,0.055684455,0.004640371,0.849894166,0.700762987,0.199314982,0.938274562
0.213607341,5.690741539,89.98574066,1.25570488,4.826610565,0.073970035,0.004057428,0.595992029,0.467430085,0.237816423,0.926596522
0.746424794,5.937111378,132.5574646,1.279019237,4.500213146,0.071826831,0.00360774,0.747625887,0.539551795,0.037552711,0.654484034
0.050374258,4.78193903,136.6735229,1.076897025,4.517054558,0.071213871,0.004855491,0.516469955,0.218144,0.006499124,0.73010242
0.974778295,4.266571999,135.9872437,2.585083008,5.673627377,0.095064722,0.004045308,0.59318012,0.523357928,0.374649376,0.953208506
0.606590867,5.965458393,107.8928986,1.240480661,4.194655418,0.094075769,0.004068141,0.398173422,0.493795425,0.219816253,0.911550462
0.205989137,5.845993996,129.9196625,1.010679126,2.660286903,0.077737078,0.004273504,0.671281636,0.42493245,0.011700158,0.719765902
0.201683387,11.55488491,140.3474884,1.249907374,3.700940371,0.123416238,0.008916002,0.405183345,0.60315758,0.314431399,0.917851746
0.128924876,9.663916588,91.39406586,1.114759445,4.238083363,0.037828214,0.002670227,0.764799058,0.597074628,0.050146479,0.617086232
0.114303112,7.041726589,107.9971619,1.10092175,3.089789867,0.098777577,0.00309119,0.718654752,0.412988275,0.132368937,0.848775566
0.047476679,17.20956421,109.9425354,1.149443746,3.257344723,0.143877551,0.003469388,0.301176697,0.354982078,0.214384452,0.898642421
0.254874408,4.731951714,119.6484528,0.920927703,1.805063128,0.101732031,0.004578937,0.383276671,0.647155285,0.266526729,0.903083503
0.001007989,5.201498508,109.8035126,1.002320886,2.763575554,0.101876676,0.00612792,0.757868886,0.774623811,0.243345261,0.901946485
0.7646842,8.33045578,126.5021896,1.322830915,4.842830181,0.145838514,0.004720497,0.59928602,0.520811737,0.232772335,0.918198884
0.871176898,4.331722736,90.33196259,1.354693651,5.413115978,0.051676407,0.002460781,0.601871729,0.579963326,0.042323552,0.685731649
0.748588681,2.11970067,111.6765289,1.175428987,2.731305599,0.183398768,0.012899607,0.299686581,0.305091262,0.23667179,0.89123857
0.210162207,5.47469759,139.0374756,1.086242199,1.852488756,0.184423223,0.014695077,0.365196913,0.24928464,0.209200993,0.894691885
0.00996155,19.32822609,123.2370453,1.065738678,2.523765802,0.13473618,0.006281407,0.437004447,0.494733185,0.234751642,0.912802458
0.159311563,17.14052582,111.199379,1.172448993,2.92428565,0.174051762,0.008153137,0.360498011,0.406166971,0.282940835,0.904383957
0.344336927,5.110760689,128.1552582,0.982755601,3.167091131,0.096331559,0.004760571,0.675557077,0.551018417,0.187930882,0.886890173
0.319136441,9.583693504,92.4127655,1.361113548,4.860117435,0.143508658,0.005776832,0.843835831,0.692975938,0.130413204,0.85184449
0.567347288,2.505304098,129.1029358,0.996792972,2.477853298,0.167430028,0.007124682,0.696651518,0.615424633,0.210636571,0.872963786
0.11205586,9.031780243,126.7886734,1.160496831,4.304466724,0.128582969,0.004642713,0.644778907,0.511285365,0.358670354,0.931035757
0.643328547,5.273336887,91.83779907,1.297225237,4.294646263,0.078511275,0.003803314,0.755375385,0.736940622,0.319828153,0.916846097
0.715260625,6.003560543,85.81171417,1.112235308,3.691021442,0.111249998,0.010625,0.628733695,0.631112397,0.24263829,0.898420572
0.595457971,6.587287903,178.2059631,1.286213636,4.858628273,0.117523059,0.003952569,0.519602239,0.488574266,0.216456771,0.887831628
0.013634262,4.11330843,172.2657318,1.031041741,0.67759943,0.126452908,0.001402806,0.419219375,0.521667302,0.091113165,0.852072835
0.915347397,3.092113733,128.057312,1.605392814,4.935533524,0.074385121,0.00209958,0.703068972,0.569389045,0.097971201,0.782867551
0.740830421,3.620397091,132.1388397,1.277438998,3.568416119,0.126231521,0.007389163,0.671476483,0.632308125,0.272423327,0.905379772
0.806415379,3.463990211,136.6257172,1.141111851,2.076393604,0.051103368,0.005032907,0.868955076,0.686856925,0.051329106,0.705373645
0.013079711,6.488311291,164.22789,0.956950963,4.46323967,0.111675128,0.005673335,0.624578536,0.591904342,0.142081648,0.83573699
0.896556675,1.849681854,102.2934113,1.201761127,3.367170572,0.062414579,0.006378132,0.631723642,0.523515344,0.007572305,0.72671926
0.979044735,1.160570502,150.5488434,1.233560562,1.278669238,0.085790887,0.00382995,0.727077127,0.659217775,0.042647351,0.816207349
0.015752472,3.447356462,139.1832581,0.921482563,3.028743744,0.054521851,0.003028992,0.740816653,0.603548229,0.189790577,0.93677181
0.970577538,1.507881284,100.4588242,1.076847672,1.415741205,0.050051071,0.003745318,0.750856578,0.757413268,0.238670349,0.898273885
0.955521584,5.072881699,115.8953476,1.739655733,4.622009754,0.093459792,0.001580715,0.555425048,0.500203907,0.168180928,0.870222092
0.275653452,9.929916382,129.7956543,1.138572812,4.588937759,0.164472103,0.005027532,0.39476651,0.28759855,0.209755331,0.873618662
0.789628923,3.630199671,153.9771576,1.307430625,4.380937099,0.057074912,0.003567182,0.784113467,0.632647574,0.173868224,0.913359046
0.737848938,3.564804316,73.78011322,0.975070536,1.387835026,0.082173325,0.002245173,0.51319629,0.448294044,0.200627506,0.802869201
0.941840351,4.717991829,107.8357391,1.205955982,4.174637794,0.129304528,0.006752194,0.737724483,0.635514677,0.141912133,0.870818436
0.210035816,5.669651031,111.3202591,1.479119658,4.908126831,0.116447918,0.003630271,0.677134514,0.547532618,0.197314352,0.867999792
0.990367055,9.550662041,129.0376434,1.072565436,5.734175682,0.235856578,0.007171315,0.288159251,0.38667348,0.272812217,0.906957626
0.896043479,1.740670681,142.9720154,1.238695145,2.300110102,0.043693695,0.004504505,0.761031151,0.646829486,0.2080874,0.894553781
0.961873829,2.038064718,152.9298859,1.301113963,3.120203733,0.05588714,0.002170374,0.82676661,0.612675726,0.028114304,0.646296024
0.014644798,9.033781052,117.3866119,1.030703187,4.031680107,0.108532935,0.008982036,0.389470696,0.402656496,0.232087448,0.835739017
0.358256936,7.023531914,108.4939499,1.098635912,4.485721588,0.039806347,0.004303389,0.846435606,0.625816643,0.04617114,0.631912768
0.829171121,7.199692249,117.2935715,1.390900612,4.732944489,0.168632075,0.004323899,0.282896847,0.308009952,0.278732777,0.9088673
0.331114948,9.034664154,132.2214661,1.252596259,4.152992725,0.14115189,0.005669949,0.395820826,0.37566638,0.219328552,0.892449439
0.939191103,5.417852402,119.9632263,1.585442901,5.232618809,0.067521103,0.003751172,0.597355843,0.556479633,0.17630665,0.886559188
0.962213814,2.147283077,130.0187531,1.276363134,3.805498123,0.040929496,0.001584368,0.894880116,0.635610461,0.005886806,0.597425699
0.003873407,9.994484901,128.6677094,1.224191785,1.979678154,0.045908809,0.001249219,0.614835441,0.619793057,0.257052571,0.906097114
0.088068344,10.08753586,111.944313,1.196494699,3.249133348,0.074626863,0.003810734,0.792534769,0.536625981,0.467352778,0.98448509
0.95405513,1.488443255,142.6766052,0.866938412,0.632438183,0.121849768,0.005382922,0.310790122,0.360404253,0.227691114,0.888953924
0.842113614,4.005717754,103.6147156,1.197560191,4.339371681,0.04981203,0.002819549,0.857985497,0.63662535,0.054052979,0.662793338
0.75308156,4.438134193,108.225296,1.244091153,4.550433636,0.087067865,0.004353393,0.742444515,0.57165879,0.286646813,0.953916728
0.122515559,6.86393404,110.0320816,0.996366262,3.557810307,0.103219315,0.003219316,0.778162181,0.622705519,0.038083203,0.68125391
0.477028817,4.762793064,79.52345276,0.988714635,1.396685958,0.030530263,0.004820568,0.712125421,0.483130097,0.005721975,0.592784643
9.50E-05,8.020510674,132.8393707,0.831055224,2.9013381,0.13712047,0.009304604,0.432353526,0.522280931,0.093994342,0.847147703
0.875400782,4.775941849,109.4254837,1.321124911,4.432436466,0.12449652,0.00585866,0.645870686,0.401779741,0.194200963,0.869502485
0.938620031,4.733529091,95.57045746,1.665696621,5.172848701,0.148357868,0.010758777,0.53251797,0.563527822,0.185901657,0.862197518
0.247491792,6.341261864,132.3230743,1.132838488,4.55990696,0.112686954,0.005930892,0.501808345,0.463347644,0.209601209,0.897758842
0.960757434,3.470550537,129.9180603,1.500810742,4.338130951,0.063157894,7.02E-04,0.499545932,0.432471871,0.2170185,0.927483916
0.022943025,8.944184303,178.2058563,1.016361952,2.820369005,0.076228417,0.004515272,0.70833075,0.490339637,0.194035098,0.890625298
0.827406585,4.344260693,102.0128784,1.310830235,3.48595953,0.06029366,0.003124024,0.847030938,0.688519299,0.113771357,0.784315705
0.237220034,3.764121532,123.4616241,0.922491968,1.125862122,0.115478121,0.004862237,0.515582502,0.559344947,0.210360065,0.897710621
0.28655538,7.992242813,126.350174,1.254864454,4.534050941,0.143702075,0.004600219,0.302106857,0.291740745,0.155612871,0.85945648
0.090485334,6.302419662,129.6343994,1.185655594,4.099138737,0.125795305,0.003817488,0.430762976,0.490478218,0.332592696,0.926374614
0.397830278,8.692558289,119.9703827,1.304989457,3.834294558,0.134796232,0.005572971,0.624610305,0.324878424,0.26926288,0.908131778
0.910170317,4.984067917,121.7177048,1.264901757,4.451249599,0.095437862,0.006292606,0.55101186,0.295218945,0.174908638,0.813130081
0.768897533,3.670274973,133.02948,1.191694736,4.250778198,0.041734196,0.002431118,0.827369094,0.522369623,0.042487148,0.616378665
0.001038673,7.655017853,117.0122986,1.191548944,4.008330822,0.108655617,0.006752609,0.490152448,0.581165969,0.251144826,0.897356689
0.503834426,4.132104397,85.56433868,1.102122068,2.800661802,0.059925959,0.003007867,0.769707859,0.526777267,0.009865666,0.639133275
0.012023193,18.4529705,148.8533173,1.017884135,1.715089679,0.106495023,0.008191925,0.624376774,0.769167483,0.239852563,0.90238452
0.57159102,2.097281933,123.2586212,0.917948067,0.373108596,0.024374599,0.001282874,0.6106143,0.496616244,0.343144417,0.957483292
0.962173343,2.629432678,83.95188904,1.333037972,4.479979515,0.06534452,0.003559624,0.703477383,0.483251601,0.217409566,0.921388507
0.011098966,10.42616177,118.639534,1.139390588,3.026619911,0.101453409,0.003704759,0.450406849,0.43567121,0.183337823,0.867524803
0.438990533,7.261126041,89.42690277,1.309816599,4.853900909,0.089495398,0.003173596,0.803993165,0.621030688,0.368324399,0.973169804
0.853494346,12.17802048,125.3609009,1.135554314,4.142967701,0.138899878,0.005935892,0.817067325,0.801731706,0.211449772,0.896782398
0.017711734,8.423197746,164.48172,0.999557555,1.594959736,0.144873872,0.003934274,0.1348757,0.26254651,0.145988315,0.88162297
0.740314722,10.19530296,102.6751099,1.17210114,2.668302774,0.133729562,0.00842001,0.398137391,0.446426034,0.230886087,0.87512964
0.736576617,4.393001556,140.0372467,1.138891697,4.055877686,0.049447175,0.002149877,0.476049155,0.404513806,0.244038582,0.935323775
0.950345755,3.254338503,110.0743027,1.239346147,3.70507288,0.082423784,0.004516372,0.700194061,0.5671435,0.09865284,0.752263486
0.826062143,5.497171402,98.40116119,0.980634451,3.528878927,0.050127134,0.003632401,0.652788281,0.539105833,0.060401775,0.708929002
0.029522222,7.029086113,106.0805283,1.035892129,2.229573488,0.136975765,0.008464795,0.300115526,0.383443266,0.272144973,0.900089204
0.269264311,3.518054962,135.982132,0.848119438,0.989400506,0.159438774,0.007227891,0.22752136,0.24225305,0.232088253,0.901707649
0.485886276,7.505831718,120.2200394,1.270711184,4.89022541,0.111598745,0.00815047,0.647781193,0.586335421,0.245385855,0.930850267
0.025426079,4.914963722,102.9780502,0.925948799,3.04959178,0.050990306,0.002317741,0.701176405,0.356430501,0.16208607,0.877347708
0.774885237,3.298801899,103.0084763,1.311836243,3.249008656,0.050369199,0.002109705,0.793417037,0.565373778,0.023067372,0.613639534
0.002369842,12.03018665,135.6165924,0.87593329,3.110924959,0.151162788,0.010259918,0.594444692,0.512097955,0.188547805,0.843106747
0.955519319,6.820969105,117.9370575,1.620833397,4.361050129,0.102969535,0.005399152,0.503382266,0.379966289,0.0986045,0.791087508
0.311650097,5.474506378,137.4839935,0.998491883,5.145802021,0.10915105,0.003675119,0.676611423,0.564778924,0.164236963,0.826503217
0.968492389,1.351790309,139.8369598,1.046249628,0.013466668,0.206874996,0.00875,0.764202178,0.575422168,0.277947962,0.904487252
0.616541505,4.817261696,90.59085846,1.07896781,3.081955433,0.0606203,0.002114662,0.753821373,0.638787746,0.270464569,0.953212142
0.031134548,8.24820137,80.17963409,1.071676493,4.053825855,0.090018369,0.003265973,0.817995846,0.672261059,0.214525089,0.921708941
0.153159872,4.407245159,117.6440735,0.925061524,1.395835161,0.10689228,0.007841519,0.717002809,0.665492773,0.255878896,0.897916496
0.962705195,3.227487803,97.1182251,1.522191763,6.268975735,0.035182681,0.00811908,0.782535851,0.484925807,0.23378107,0.962019563
0.033052821,6.514904022,126.7731018,0.945778489,3.151584864,0.061454851,0.002299331,0.783233345,0.567509174,0.001198997,0.616109014
0.610245109,4.715392113,93.77563477,0.977501273,3.824183464,0.196969703,0.007575758,0.55710119,0.413845927,0.252531379,0.904213786
0.618554533,5.85479784,150.1676331,1.194355726,2.288028717,0.040299367,0.002878526,0.751432002,0.606097698,0.236743554,0.92939496
0.913018525,2.243585348,115.9760284,1.023786068,2.374412298,0.035970103,0.001401433,0.757270396,0.53533864,0.029539062,0.619294763
0.392742664,7.511834145,90.71258545,1.343895316,3.970607758,0.072889723,0.002351281,0.654041827,0.536449373,0.081596196,0.713512063
0.906426728,4.079255104,136.1395721,1.203178406,4.658388615,0.085043989,0.003665689,0.836241663,0.713689029,0.202598318,0.895806551
0.392943919,5.905213356,98.83511353,1.020788193,4.66193676,0.089180328,0.00852459,0.680124342,0.555806577,0.270552665,0.938352287
0.82721132,7.26317215,86.84402466,1.31353569,4.474331379,0.055595409,0.00143472,0.540760458,0.500413179,0.335536599,0.9535411
0.677750945,1.808479667,97.29667664,1.710055709,3.484580278,0.00821018,8.21E-04,0.693277299,0.512626886,0.081870683,0.751367867
0.063687809,8.816705704,131.8598633,0.972524345,2.517902374,0.080152668,0.004293893,0.703552961,0.551663518,0.087405369,0.775288999
0.586968541,1.595907688,164.4590454,1.3256284,1.625712872,0.124173909,0.005913043,0.443243325,0.513009429,0.298154891,0.894765794
0.83169347,5.333569527,111.5105286,1.240608096,5.105009556,0.052464787,0.004225352,0.720891476,0.562280118,0.062231358,0.682214797
0.006205352,8.303095818,111.555809,1.03968215,3.702171087,0.076045625,0.002661597,0.649485528,0.67579478,0.258904248,0.90630573
0.947977901,5.261631012,105.4294662,1.371124387,4.868704796,0.134842202,0.005100415,0.536472678,0.491669714,0.284084886,0.921075225
0.783442736,3.031342983,103.9879456,0.984536231,2.841166735,0.036392406,0.005801688,0.72819531,0.494033307,0.094530925,0.680146992
0.013627397,29.62060547,122.4859848,1.115475178,2.637181997,0.119494207,0.003793467,0.37729916,0.485415161,0.18857047,0.870341718
0.930627882,3.34686017,89.35211945,1.034752011,3.580342531,0.044745762,0.00338983,0.841842055,0.639256597,0.022801667,0.617897928
0.905062914,2.768075228,130.0063477,1.227643132,5.754901409,0.074960954,0.003643936,0.701010764,0.627821028,0.18389523,0.855491817
0.880942822,2.772826672,164.8333893,1.046098232,2.308569908,0.017589577,0.001628664,0.807067037,0.583990097,0.015424666,0.599065125
0.446316689,5.853350163,172.2655945,1.180008531,3.447850704,0.048600882,0.004418262,0.793211758,0.597485304,0.168743566,0.880063534
0.825898767,5.46429491,120.2192917,1.287784696,4.683656693,0.174062267,0.004412846,0.656930864,0.42566365,0.239090532,0.898057461
0.801719308,4.098433971,150.2031097,1.182933211,4.210098743,0.117501684,0.004268704,0.477563471,0.344810694,0.209238321,0.888723969
0.870436311,4.82251358,140.2828522,1.126833439,3.772887945,0.073120497,0.005664264,0.612096727,0.405584008,0.174666628,0.864812613
0.442031205,3.691596985,104.0295563,0.930041075,2.945625544,0.045126352,0.005415163,0.723098576,0.498027086,0.098084912,0.680713654
0.959886312,4.124684811,99.91899109,0.88468045,1.010897517,0.130676091,0.00605449,0.530234933,0.556869626,0.209746465,0.868346393
0.880678892,4.925373554,136.9267731,1.11404109,3.479893208,0.066085547,0.00222988,0.646748126,0.560012877,0.178862989,0.915272832
0.008650069,15.61154461,118.4087067,1.038146019,2.334191084,0.152021557,0.00754717,0.503782868,0.375065506,0.158243999,0.865408123
0.463519573,8.592312813,132.6047668,1.334487438,4.559337139,0.159408808,0.004486672,0.344718426,0.356732488,0.217838407,0.896136701
0.006292768,4.157791138,80.67925262,0.965484917,1.694921136,0.1626506,0.007153614,0.401589304,0.497425795,0.237586841,0.897523224
0.535559356,10.14618111,97.80724335,1.32428062,3.007833242,0.073014908,0.00486766,0.568997979,0.508412778,0.112595744,0.791266441
0.975597024,3.253812552,151.7945099,1.244966984,5.432219982,0.063720174,0.001626898,0.399413377,0.595253587,0.158782363,0.810070157
0.657487214,3.158491135,71.83184814,1.028304219,0.813785911,0.026420455,0.002556818,0.779925764,0.717481852,0.40524438,0.965335608
0.956373096,3.241275549,139.8830109,1.112137079,4.671152592,0.025689224,0.002506266,0.775090218,0.671820581,0.241387367,0.918641984
0.258595884,5.653533936,105.3842697,0.945672095,1.506020904,0.046943765,0.002689487,0.808662176,0.589726925,0.013315437,0.61686933
0.106473073,7.13233614,152.0580139,0.850894749,1.307301402,0.065477774,0.003726377,0.767070532,0.618096948,0.056453269,0.748476446
0.932697952,2.427627563,122.7324524,0.959775209,2.330024719,0.10453172,0.005438067,0.392015636,0.47615993,0.24663654,0.894571722
0.876159728,2.581216335,126.3610611,1.112177253,3.707590103,0.119787514,0.004780876,0.743340433,0.607918739,0.203885436,0.856773674
0.17084457,8.876698494,147.6050873,1.045691609,4.263721943,0.148922279,0.010450685,0.711770356,0.539449513,0.233764306,0.897458971
0.081672363,5.563227654,98.92684174,1.116272211,2.712267399,0.072091587,0.003712871,0.575857162,0.476403981,0.227434009,0.904921353
0.863873959,3.560621977,96.99554443,1.268483281,4.255343437,0.037878789,0.002705628,0.590879083,0.470743686,0.176502407,0.952469945
0.978593111,0.634422541,117.2324524,1.334059954,0.519065797,0.138881981,0.004720497,0.365398198,0.281220019,0.150333703,0.881522119
0.868565798,3.162481785,126.6071396,0.932293057,4.714182377,0.036764707,0.00245098,0.818413734,0.644617677,0.001524872,0.652020156
0.743331373,3.262676716,93.72068787,1.048826098,3.145959377,0.023410482,0.001596169,0.715512395,0.527211308,0.120511837,0.718292594
0.959423065,7.203465939,136.3047028,1.460451007,4.643278122,0.163421422,0.006258693,0.514179289,0.386239707,0.215564594,0.841857433
0.72175169,4.002664566,126.5436935,1.140651941,3.119800806,0.063672043,0.003488879,0.610679507,0.555063844,0.178993478,0.93123585
0.519480228,8.956176758,95.28115082,1.288347602,4.772006512,0.175469697,0.008153137,0.490807593,0.232616723,0.237467423,0.900345147
0.522144377,4.582843304,89.57475281,1.216704607,4.869465351,0.042749658,0.004445964,0.791143835,0.544748545,0.255119085,0.978755236
0.627800882,4.660340309,119.787796,0.926257551,1.357698679,0.029868297,0.002351834,0.757179558,0.540365636,0.01975701,0.623390317
0.878522038,3.9007864,103.8879242,1.384881258,4.618552208,0.059024613,0.001823154,0.594999492,0.523378849,0.205808222,0.94724983
0.783800066,3.41121316,122.5112076,1.034409165,3.512782574,0.048815507,0.009332377,0.818905652,0.499049276,0.051641911,0.633628488
0.750463784,3.372848272,86.59246063,1.41846633,5.088235378,0.034496754,0.001623377,0.758430362,0.585251451,0.209206641,0.954927742
0.752325773,3.344840527,122.3569107,1.028788328,3.704184532,0.034684904,0.006839277,0.783684492,0.479088634,0.034385275,0.613254964
0.911437333,2.384039402,129.1315918,1.252516389,2.56936717,0.03034134,0.004214075,0.715532482,0.41353035,0.006413443,0.605462253
0.013203366,9.756843567,113.4084625,0.895810783,2.507664204,0.146676302,0.011560693,0.552530825,0.360611349,0.28696689,0.899527192
0.935476959,3.344372272,96.9885025,1.247223139,4.131679058,0.070938706,0.002571796,0.713790894,0.632672727,0.267002493,0.953379393
0.787890196,2.114005566,103.2998199,0.970426559,1.354341388,0.121119201,0.005749329,0.473104179,0.484257787,0.210989535,0.89961797
0.38344416,5.537957191,178.2059784,1.22183311,5.604145527,0.079400748,0.003245943,0.697305441,0.415466011,0.139093086,0.845304608
0.065958828,4.125513077,104.8659973,0.842745125,2.286711931,0.138263673,0.00750268,0.443336219,0.544926405,0.263728917,0.904634953
0,0,0,0,0,0,0,0,0,0,0
0.729297698,3.184716225,136.2280121,0.851612747,0.762912452,0.139823005,0.011209439,0.25242117,0.269462615,0.214991063,0.888428211
0.068043284,6.326451778,163.9506531,1.105169773,4.00534296,0.135405108,0.007214206,0.531154096,0.440847248,0.260545909,0.853385925
0.916316748,2.61635375,94.99165344,1.227898479,3.895551205,0.062907211,0.00157268,0.708003998,0.518353462,0.281634897,0.95264256
0.266540825,6.966423512,154.6092072,1.104545951,4.166057587,0.1138082,0.006366892,0.681783497,0.615565419,0.150420055,0.84323281
0.002686123,4.854253769,120.6269913,0.820751965,2.288951635,0.142492339,0.008682329,0.253933936,0.332057327,0.252911955,0.893618941
0.950734735,1.772931218,116.8583069,1.015672565,4.55028677,0.05036157,0.00232438,0.521077871,0.514086545,0.228613332,0.931512237
0.964663208,2.574223757,111.9269028,1.572062254,4.603685379,0.060900472,0.001895735,0.805606365,0.657554388,0.208411008,0.952957451
0.492669404,7.120860577,128.8184967,1.128709912,3.887204647,0.081016302,0.003835091,0.79964447,0.557501853,0.030271448,0.74841696
0.284638137,5.713472366,107.0132217,1.025107741,4.360244274,0.058116231,0.004676019,0.633575022,0.506179929,0.103060089,0.706814647
0.290103614,3.027351618,95.96002197,1.124223471,5.040669918,0.056412257,0.001951981,0.851770759,0.719181061,0.105970487,0.816538036
3.84E-04,6.563000679,129.3596344,1.019850016,2.585425854,0.10837651,0.003238342,0.461599141,0.323076546,0.295967996,0.935817122
0.634388149,3.697839737,150.0568848,1.107397079,4.038077831,0.019677997,0.002504472,0.868601441,0.644380569,0.040919304,0.647540629
0.807863295,4.962038994,178.2053375,1.280503511,2.744539976,0.047133759,0.005095541,0.754309535,0.611474514,0.07391046,0.750047803
0.879277289,4.887546539,162.1302948,1.34265101,5.05059576,0.13963303,0.003669725,0.475846827,0.418213516,0.232711136,0.882605433
0.23407273,5.79906702,122.9441376,1.130876184,4.386869431,0.082617,0.002626552,0.629893899,0.537991881,0.040117286,0.700397909
0.15412502,10.72149181,111.170578,1.190199852,3.936349154,0.1362091,0.004887378,0.402355045,0.519081831,0.178831592,0.887755632
0.487436801,5.98703146,120.556694,1.347885251,4.935889721,0.12128114,0.001992882,0.690075397,0.674430072,0.183504492,0.896819234
0.638573766,9.384388924,162.1631317,1.1491822,4.415925503,0.123473033,0.003570757,0.778424859,0.656694889,0.193535641,0.862374008
0.100151822,4.728593349,122.5068359,1.135330796,5.140394688,0.115586206,0.005793103,0.529473722,0.45891571,0.173376903,0.87895596
0.030581813,7.200575352,123.1827698,1.248483539,4.892603397,0.123390898,0.002982731,0.683982968,0.597420514,0.169833392,0.845014453
0.602861166,6.375561237,129.6781158,1.266238689,3.805704594,0.089734755,0.002411299,0.670486629,0.585394382,0.204615027,0.916869342
0.494263262,5.433640957,96.28903198,1.233015418,5.13639164,0.127890512,0.003460752,0.177349031,0.232872158,0.116848849,0.8383044
0.689708054,14.10742092,136.1673889,0.988197029,2.268368244,0.054446463,0.007259528,0.815283716,0.584444523,0.083799966,0.669715762
0.908824086,3.752765656,139.8964691,1.572404146,5.270549774,0.059660647,0.006568145,0.81242758,0.659754157,0.136938468,0.804660141
0.975431561,0.745214164,90.00802612,1.51142478,3.446901798,0.042876903,0.003227294,0.894726515,0.694507837,0.015497589,0.621585369
0.59647131,5.136937618,122.7609558,1.226770878,5.57916975,0.116770521,0.004334868,0.56853199,0.499732226,0.15097639,0.811225474
0.897054017,2.716632605,90.0664978,0.976291358,3.203392267,0.147443518,0.010107015,0.444043666,0.212469459,0.265160501,0.899526417
0.85245806,2.401195526,128.0388031,1.166358233,4.711775303,0.050874725,0.001206515,0.762407362,0.618741214,0.216952458,0.969998896
0.942739308,1.582577586,139.9221497,1.046450377,3.398165226,0.080545232,0.002271788,0.722338676,0.699675441,0.087146223,0.769821227
0.064782292,6.634085655,127.1126556,1.064932942,3.650749445,0.065896742,0.005095109,0.657407045,0.599483907,0.100451827,0.780955553
0.961157322,4.08195734,100.090744,1.345357776,4.159043789,0.046357617,0.00356597,0.580716133,0.435087681,0.037098117,0.628187716
0.005817955,6.230426311,123.6418228,1.083729863,5.352232456,0.196964905,0.0056908,0.62122947,0.392134756,0.271174461,0.902483344
0.948669136,7.741231442,120.0333862,1.226500154,3.658436298,0.073280424,0.002645503,0.550871074,0.447186351,0.22410655,0.904873669
0.489452422,3.629665136,111.4575958,0.833847284,0.823560774,0.183011577,0.005405406,0.337576747,0.386416346,0.237839475,0.886380553
0.01136473,4.534441948,88.01029968,1.168885946,4.281468868,0.032597039,0.002144542,0.66190356,0.335004151,0.22295706,0.972044706
0.485578716,8.682492256,117.0193176,1.234098077,4.013205528,0.101794451,0.004241436,0.716678083,0.669175208,0.16269739,0.787695467
0.902357936,3.349675894,129.9446106,1.09860599,4.166494846,0.051150896,0.004475703,0.765292048,0.582656801,0.013487085,0.656393945
0.009511937,7.188256741,143.7279358,1.077182412,3.056598902,0.058237147,0.003410283,0.706226051,0.539771616,0.453458488,0.97187376
0.82740134,3.584606886,89.85257721,1.298663139,4.400037766,0.031387664,0.002477973,0.693663061,0.510530174,0.258064717,0.95568049
0.065687239,27.90389061,90.89260101,1.186906934,2.779064655,0.106863782,0.002745512,0.633545458,0.409874558,0.272740543,0.896098673
0.49304086,4.915220737,92.84931183,1.020962596,4.811957836,0.036165327,0.002296211,0.582758486,0.561540425,0.141075253,0.752030849
0.583147466,5.933152199,65.02813721,0.926964521,0.756684244,0.032119915,0.004282655,0.617588401,0.443235099,0.093007907,0.704317749
0,0,0,0,0,0,0,0,0,0,0
0.894628406,3.817052364,122.9202499,1.145221114,4.243851662,0.040562343,0.002074211,0.508775592,0.448272407,0.197212547,0.946799755
0.028941099,11.76420784,128.5948792,0.963391364,3.478374243,0.140117213,0.010122536,0.60327518,0.491103858,0.191114396,0.845791817
0.106125049,8.695617676,143.0076599,1.033118367,4.546840668,0.102616206,0.004318009,0.754527092,0.610829592,0.223693565,0.89909333
0.173244223,8.924231529,120.1695023,0.985414147,2.108662367,0.079177059,0.00436409,0.753502131,0.505078971,0.203841686,0.931063473
0.685247004,8.542137146,84.88465881,1.065506577,2.944197893,0.043205574,0.006968641,0.663005948,0.468152523,0.232244849,0.936086357
0.233921736,11.97223949,99.30142212,1.123379827,3.935631275,0.137624279,0.010465724,0.471181244,0.551387012,0.211968869,0.885065436
0,0,0,0,0,0,0,0,0,0,0
0.033811122,11.3695488,136.047821,1.151955605,2.94095397,0.037851762,0.001783591,0.650874376,0.491473675,0.295751065,0.970786929
0.931995332,4.142171383,134.9646912,1.262748957,3.579379082,0.113313511,0.006276842,0.500894427,0.54894954,0.218205497,0.878624976
0.090670675,6.085661411,117.8106308,0.932810187,2.103143692,0.032210108,0.004955401,0.698867023,0.513826549,0.003359896,0.605145693
0.605799198,5.466914654,172.2658234,0.880639732,2.18580842,0.061348144,0.002524615,0.655471265,0.528608203,0.208805025,0.944884419
0.78478694,3.526659012,120.0188751,1.169391751,2.79826498,0.033500612,0.00108504,0.780885458,0.618169844,0.019038064,0.653043211
0.761008978,4.341384411,152.243927,1.114637256,4.82151413,0.046300124,0.002480364,0.552732646,0.508123457,0.010674302,0.695318162
0.88228178,5.694034576,114.1435165,1.142486095,3.669237614,0.066891134,0.003367003,0.649481773,0.424515933,0.040674049,0.736442268
0.535522044,7.517309666,122.7777328,1.22018528,5.166358948,0.114666045,0.003970108,0.555886865,0.565673053,0.217876047,0.887217045
0.410691351,4.766002178,120.0805283,0.888743281,1.968300104,0.018267224,0.004697286,0.767598033,0.41517809,0.092514642,0.709574938
0.96254462,1.417913318,132.5782013,1.094535708,0.875802457,0.04845386,0.001704407,0.568765342,0.584176064,0.373166949,0.959733546
0.176443845,7.768489361,172.265686,1.083158731,3.802798748,0.081533477,0.003509719,0.894765854,0.720264614,0.112537086,0.768967688
0.633778811,3.327706337,89.03987122,1.108805299,1.492204547,0.034862384,0.00733945,0.623175919,0.29315725,0.001530254,0.575803757
0.965852022,1.928743005,178.2057037,1.03427434,2.103604794,0.117111459,0.006593407,0.408794373,0.297767639,0.249344289,0.905081272
0.936473727,1.74110198,161.4989014,1.057322502,4.225149155,0.055509869,0.004111842,0.646097481,0.616939306,0.250955194,0.848858058
0.957782745,2.435610771,139.9666901,1.171539783,3.030799389,0.079079606,0.003438244,0.537483513,0.534031808,0.202543139,0.912662804
0.004255301,7.539599419,90.50157166,0.936267972,2.787899256,0.048059151,0.003080715,0.745814085,0.622346163,0.120696977,0.853738129
0.946333706,2.699456692,143.3130951,1.125718951,4.195964336,0.142776519,0.00959368,0.63370806,0.685526431,0.233557269,0.891479254
0.798589468,4.445062637,112.1022949,1.37278986,4.990257263,0.121457487,0.007647323,0.503379524,0.390257925,0.179663435,0.845535934
0.355739623,15.26668644,126.0025864,1.142576337,2.978983164,0.116746411,0.007655502,0.748199582,0.447923899,0.18397665,0.869298875
0.032157391,9.068751335,109.4716187,1.236963391,4.137784958,0.121765599,0.005479452,0.436835349,0.471387058,0.277417362,0.915131927
0.001710556,9.613265991,118.2213593,0.87589699,1.964238286,0.150871709,0.004470272,0.615150928,0.458981365,0.258761436,0.900308251
0.00665884,6.493869305,84.83511353,1.016394258,3.733081102,0.047058824,0.002582496,0.814573586,0.711922407,0.315383822,0.973338604
0.766231954,6.199761868,110.9118805,1.260017514,4.722665787,0.193333328,0.007037037,0.692395151,0.464650422,0.167356163,0.875406981
0.704138219,5.578362465,135.7915802,1.310308456,4.352226257,0.087324575,0.002227668,0.837681055,0.643499255,0.037603177,0.650179446
0.83997041,6.337667942,120.1431961,1.359998345,5.043148518,0.188192621,0.004432803,0.724276483,0.403915703,0.225647196,0.905381918
0.882546306,3.781840801,106.5988007,1.011572123,4.492871284,0.043792326,0.003160271,0.794210017,0.61822319,0.200548261,0.925963461
0.956374407,3.606511593,129.8173523,0.990251064,2.888945818,0.051398519,0.001912503,0.790574491,0.652283311,0.059697114,0.678529263
0.361728787,5.675637245,106.6574326,0.999800742,3.403690338,0.040632054,0.003611738,0.502315462,0.477232307,0.038634278,0.628461719
0.901626766,1.340890527,129.5434875,1.218328953,2.338681459,0.088157579,0.003843382,0.800292909,0.64487642,0.082394451,0.777895808
0.034171108,15.26942539,152.1805267,0.979188025,2.968344212,0.122699387,0.003775366,0.611500084,0.566167474,0.256875604,0.89970839
0.704390049,4.826684475,164.4759979,0.924115539,4.236738682,0.115156315,0.004748714,0.747116625,0.786578834,0.189089164,0.871023834
0.186806113,6.374760628,122.8180618,0.817249,1.245310783,0.066402376,0.006276842,0.566212416,0.383809358,0.207330734,0.881419778
0.020218171,13.66752625,129.6660309,1.065616488,2.640722275,0.157295495,0.003678403,0.498578429,0.479052722,0.182549506,0.887371719
0.486726463,5.647408009,128.4890442,1.229054809,5.52700901,0.149257988,0.005707763,0.545810878,0.509432971,0.191209078,0.88295275
0.390990734,6.580469608,129.3507233,1.315486431,4.510130882,0.142715365,0.003572846,0.339062065,0.546481371,0.197466806,0.877127111
0.071580887,11.14710236,143.8725739,1.253717065,3.169614553,0.138670698,0.006344411,0.491559923,0.483995974,0.285280943,0.905526817
0.815233231,2.987172842,86.46549225,1.26429081,4.210350037,0.056091148,0.00204499,0.72292769,0.583409131,0.182531953,0.91787231
0.61785078,6.682469845,139.8261871,1.033703327,2.94808197,0.065605931,0.003487358,0.593681991,0.411004007,0.203870744,0.796305537
0.010469518,15.03654194,107.1176453,0.95720315,2.8848629,0.14785029,0.006495515,0.376361609,0.288486868,0.269785941,0.906698585
0.697796106,3.529563904,140.0341492,1.206283331,4.279976368,0.104695432,0.006979696,0.695151627,0.556457996,0.155390233,0.849499524
0.915046692,5.591859341,142.900116,0.944749892,3.350988388,0.079308815,0.003544528,0.768690109,0.637432992,0.175413042,0.889340818
0.618545115,10.33668137,151.7327728,1.078422666,1.826033354,0.140123039,0.011619959,0.641766906,0.475425065,0.215242103,0.888200402
0.491957247,8.164656639,120.0382004,0.998194039,2.263149738,0.072586872,0.009266409,0.803219438,0.600126088,0.116661705,0.816767395
0.545704484,7.166968822,100.0133591,1.184630632,4.374140263,0.133608252,0.003917526,0.542234838,0.430375099,0.224024788,0.903316557
0.568996191,4.144709587,122.0216064,1.445406318,5.28690815,0.06717737,0.003241014,0.438923836,0.546860874,0.148504317,0.852855086
0.879848421,4.040325642,163.9701996,1.200220108,4.471640587,0.047634374,0.003540393,0.669610739,0.491188943,0.210282654,0.912849784
0.927363813,3.389565945,119.9568405,1.11222136,4.831114292,0.085955486,0.008442056,0.48092714,0.505068302,0.116819791,0.810221672
0,0,0,0,0,0,0,0,0,0,0
0.85256803,16.01743507,122.9527054,1.264157772,2.937642336,0.131039053,0.010589014,0.521081507,0.51587981,0.304928482,0.915912628
0.760556638,2.796758413,99.76686096,1.115436316,2.684626579,0.031865586,0.00405562,0.884813011,0.626570344,0.021593228,0.614757299
0.963515282,2.389225721,115.1392975,1.161413193,2.942625761,0.037654117,0.001666111,0.842795372,0.604784012,0.00245894,0.595945537
0.076834425,11.15026188,140.7138367,1.088008881,2.985573292,0.109601453,0.007246377,0.178509712,0.347207278,0.216481179,0.867244005
0.698951066,2.898890972,162.9632263,1.069292307,4.018714428,0.041334849,0.002654532,0.867655993,0.654864311,0.028401498,0.629780412
0.582117021,10.94574547,99.75686646,1.423964858,4.840113163,0.156444743,0.004919646,0.566561759,0.624014437,0.264937788,0.903416932
0.256406277,3.895019531,98.03626251,1.245074034,4.456678391,0.037132543,0.002578649,0.668084264,0.508148193,0.21120052,0.885682046
0.625331104,3.296062231,129.7585144,1.127091169,4.246201992,0.046043165,0.002158273,0.798086286,0.556654572,0.188811511,0.958175361
0.9285267,2.786624908,116.9844437,1.379888773,4.423269749,0.08342246,0.002673797,0.463041663,0.414818168,0.177693427,0.901682496
0.016288297,11.95620346,126.0891037,1.142914414,4.505188465,0.156993091,0.004346714,0.349676162,0.419753253,0.247443348,0.902163863
0.901018381,5.186273098,161.4993439,1.26346159,4.344830036,0.052600987,0.002324905,0.654894769,0.51660496,0.204230174,0.966007948
0.288077265,4.865201473,132.665863,0.925008178,0.587289691,0.02432886,0.001468121,0.720402598,0.584635198,0.177800238,0.868926883
0.057666749,6.776687622,129.4740753,1.039327145,4.207825661,0.089003645,0.005164034,0.684842706,0.609975755,0.164828435,0.815822184
0.280242264,3.270679712,136.482254,1.014344215,2.363332033,0.194906443,0.01039501,0.424574554,0.324441701,0.246333048,0.898522139
0.780594826,2.975219011,110.8512955,1.009858608,3.199612379,0.036627907,0.001744186,0.567218184,0.595184922,0.201967627,0.927382648
0.009430533,13.95793819,139.4368591,1.085702777,1.416694283,0.150140196,0.004078511,0.594739258,0.476478457,0.23044011,0.884240031
0.906765044,9.789811134,117.4854889,1.468571544,4.815393448,0.167023554,0.00770878,0.377716064,0.477769405,0.158699155,0.86439079
0.101239264,3.135620117,172.2653656,1.108246088,3.421242476,0.066246055,0.002703921,0.714074492,0.645554543,0.272577137,0.918908894
0.778907716,3.645567417,133.0556183,1.024876714,4.021642208,0.041880969,0.004408523,0.588222742,0.570898294,0.176269636,0.788647473
0.948542655,1.607944608,89.92616272,0.94434911,0.723178148,0.147348791,0.00532907,0.200928643,0.222230449,0.165948316,0.88708663
0.747486591,3.26777339,85.4889679,0.904585242,1.971904993,0.187643021,0.010068649,0.50403136,0.361015767,0.232319891,0.892464876
0.859874904,6.669151783,119.7425232,1.440347552,5.459230423,0.126338333,0.007137759,0.607882798,0.429856449,0.12984018,0.82482177
0.833811045,10.81788635,83.82885742,1.427215099,4.569602013,0.147217229,0.004787552,0.578941524,0.58925432,0.348691791,0.912466526
5.22E-04,12.17506599,90.23159027,1.276120424,4.677036762,0.143981352,0.004371903,0.556932211,0.548426211,0.242889285,0.893305361
0.433267564,3.733659744,89.86611938,1.301912308,4.172261238,0.035714287,0.003018109,0.704137743,0.53600657,0.004640554,0.601467907
0.32888788,3.497592211,90.00122833,1.224816799,4.036592484,0.043853074,0.002623688,0.708213985,0.549662292,0.004030556,0.604782104
0.962747335,3.027303457,103.7645721,1.210034966,4.843368053,0.083333336,0.004761905,0.733590484,0.500252903,0.035319459,0.67038995
0.976889014,4.744092464,90.76366425,0.999173939,2.408487797,0.137014315,0.008861623,0.336460501,0.499795943,0.210982472,0.834216416
0.518624902,1.692718506,129.4920654,1.024060965,0.636588275,0.123082675,0.006734007,0.523807883,0.590184987,0.265183002,0.903410673
0.184977531,5.685831547,144.6638641,0.949454308,4.859306812,0.095361784,0.00445269,0.737517774,0.637261748,0.198641777,0.904462457
0.027195878,9.267136574,111.2731247,0.951222539,2.12129283,0.053281855,0.003474904,0.522620618,0.578917742,0.308584541,0.95281297
0.174005926,13.63551426,98.87985992,1.264801621,3.694496393,0.160240963,0.007228916,0.635747135,0.373739749,0.257338971,0.923320711
0.683238566,6.978882313,129.5349121,1.20416677,4.631478786,0.120974079,0.002945797,0.485716403,0.643199861,0.324136555,0.929291666
0.776095033,9.622823715,99.89524078,1.375295758,4.697573185,0.163259253,0.006222222,0.576585174,0.473637074,0.261653304,0.89929086
0.001809476,14.01865959,135.4591217,1.223685265,4.220301151,0.163107395,0.006809038,0.656078339,0.595237315,0.235855505,0.896945834
0.296287328,3.043930292,97.83511353,1.157065868,5.046819687,0.053998228,0.001770434,0.712993801,0.505387127,0.027010737,0.624638975
0.946978331,2.378066301,90.9083252,1.725820899,4.390888691,0.068279751,0.003646006,0.763526797,0.58952713,0.280489922,0.966958284
0.069452606,14.87576771,129.0817871,1.012226582,4.229736328,0.146910757,0.009153318,0.553947031,0.428219527,0.187858418,0.830444455
0.021635644,7.866943359,103.5470047,0.907600582,4.664114475,0.149913713,0.00474547,0.522099495,0.501307607,0.225347266,0.878554583
0.909203887,1.58379364,143.3839874,1.203353643,2.423443317,0.12272121,0.007114273,0.144764468,0.404472798,0.249896705,0.896742463
0.432717443,3.531335831,123.8310776,0.815055728,0.219379202,0.098314606,0.004915731,0.363281518,0.459993631,0.164766774,0.863162696
0.973970711,2.167700291,163.9035187,1.468473434,3.840316534,0.0460333,0.003428012,0.740349948,0.56567961,0.172329634,0.895483553
0.602726161,6.716045856,131.5523682,0.968421459,5.051339149,0.035013583,0.00241473,0.784472406,0.620717466,0.291384012,0.962204635
0.630796075,4.000358105,117.1093216,1.05101192,2.855331898,0.046010975,0.002532714,0.67849654,0.556934416,0.049994428,0.718062878
0.002334102,13.99989414,117.824173,0.80843854,0.955641925,0.058884513,0.002695418,0.735782325,0.543256164,0.036320239,0.670893729
0.602793634,7.376971245,139.3811188,1.242632627,4.217879295,0.148834243,0.005748962,0.645153701,0.463587582,0.213843986,0.88513577
0.935982406,2.606682301,152.9322052,1.136266232,3.381539106,0.083557144,0.003282602,0.708052158,0.705979705,0.199689433,0.886953235
0.488826454,4.087828159,101.9424438,1.40208745,4.456122875,0.086155869,0.003288392,0.627634883,0.515306115,0.169316173,0.87950933
0.877073467,5.454270363,161.8464813,1.521685004,4.848469734,0.0958459,0.003481086,0.545055747,0.482997686,0.17359136,0.879560292
0.411381036,8.52422142,94.59709167,1.294634223,4.796152592,0.167295009,0.004241282,0.382768869,0.377895385,0.213042408,0.895026565
0.973860979,3.24256587,139.9489441,1.51711154,4.376570702,0.0340106,0.003091873,0.816488385,0.6428231,0.2484494,0.947770476
0.937875509,2.225032806,90.87848663,1.262050271,3.667036295,0.071301602,0.002370136,0.723812163,0.651362956,0.195525467,0.912559032
0.908175647,3.104487181,106.3757172,1.133199573,3.608577013,0.052697618,0.006900878,0.550394058,0.561436117,0.025305903,0.680490792
0.940312326,2.410040617,99.75274658,1.266360521,2.445369244,0.040098704,0.004318322,0.625158131,0.593625367,0.067765482,0.649238169
0.715049803,5.635483742,129.5294952,1.162518859,3.040785551,0.048770815,0.004361618,0.712954819,0.504621863,0.262776583,0.958664119
0.790891767,1.958419561,82.7883606,1.125392675,3.458109856,0.075578853,0.003494976,0.731368721,0.584974766,0.124394126,0.797921062
0.604048789,4.189720154,178.2059479,1.035083771,3.725703716,0.071188964,0.007454342,0.554955542,0.418474585,0.224000603,0.852964044
0.954520464,1.86966598,113.149147,1.099863291,4.619699001,0.105839416,0.006843066,0.443676084,0.458075792,0.159121916,0.804078519
0.887179852,4.792874813,178.2054901,1.319124937,4.464051247,0.082302451,0.002524615,0.566754222,0.468975931,0.195776552,0.891044736
0.750296414,3.485292196,95.97329712,0.992729604,2.947761059,0.061926607,0.004587156,0.625705659,0.480730534,0.045642607,0.726437449
0.798589468,4.445062637,112.1022949,1.37278986,4.990257263,0.121457487,0.007647323,0.503379524,0.390257925,0.179663435,0.845535934
0.792039454,3.399028301,139.8917694,0.971320331,3.050626278,0.063866027,0.003122339,0.658186793,0.534226596,0.053920601,0.663639367
0.849001408,7.390925884,99.75309753,1.253754377,5.119226933,0.091915153,0.003996311,0.614942908,0.502098501,0.159513235,0.812387824
0.428356916,5.244803429,117.4841766,1.211521864,4.127947807,0.095115684,0.006426735,0.577581465,0.499254346,0.207509339,0.887750149
0.013219852,8.573746681,136.6293182,0.957008243,2.892890692,0.083798885,0.005100802,0.592613459,0.353915572,0.241357103,0.932391763
0.354840487,7.586726189,124.9807281,0.938136041,2.715996981,0.043696634,0.004520342,0.760492504,0.566437185,0.019333079,0.620881498
0.56864959,3.58627367,132.8733826,0.727710724,0.506369948,0.16754967,0.004966888,0.355393589,0.363377541,0.269264728,0.906743169
0.00566142,1.915113926,89.68875885,0.834614873,0.84137553,0.191685274,0.005301339,0.640685081,0.373176247,0.222695291,0.89037168
0.326423913,7.727694988,119.8936768,1.222247243,4.686674118,0.160372034,0.005355129,0.523353636,0.464140832,0.293604732,0.909000039
0.796189725,4.984120369,104.7552414,1.364146113,5.156946182,0.133394241,0.008222933,0.725655973,0.639915705,0.142414227,0.872026622
0.643971086,5.486019135,100.0174103,1.089897871,5.869709969,0.047750048,0.00176852,0.708540678,0.495656282,0.189224154,0.975671828
0.234926075,2.765487432,178.2060394,1.128502131,1.966421723,0.06395229,0.001850709,0.755486846,0.564663827,0.092394866,0.747822225
0.694974065,1.217708349,133.2718964,1.178524494,2.911938429,0.081332467,0.002812027,0.647179067,0.538761675,0.256129503,0.933321834
0.912644625,3.46536088,105.3711014,1.298002005,4.633089066,0.079027906,0.001440144,0.617455721,0.514401615,0.203804985,0.937384129
0.889984608,6.256543159,111.7629623,1.255399585,4.749682903,0.095943838,0.002340093,0.59021455,0.611698806,0.303734243,0.961170137
0.614566207,6.59142971,129.0427399,0.91349268,2.479480028,0.034749035,0.006949807,0.587366283,0.457606971,0.013749621,0.62645638
0.758155704,3.201937199,86.78727722,1.299625278,2.49413538,0.055568472,9.30E-04,0.735637963,0.560368717,0.032555118,0.608058929
0.751626313,4.854547024,119.8028946,1.078329206,4.480201244,0.0410937,0.001119284,0.676003575,0.571094573,0.208569959,0.93455863
0.733646631,17.33053017,90.28790283,1.208121896,3.705065489,0.176833019,0.011090573,0.525614917,0.506863415,0.277408689,0.90873313
0.871268213,3.787853718,163.943634,1.20291853,4.700163364,0.05399302,0.001642373,0.504893184,0.590520859,0.176703528,0.918515205
0.859760165,1.316700101,139.9432068,1.057104945,2.595313072,0.076824993,0.004781639,0.672159493,0.447291195,0.271274,0.940487921
0.793516874,2.936022997,133.073761,1.323620319,4.327336788,0.104122989,0.003843466,0.626208723,0.546456277,0.23715584,0.929166734
0.119375519,7.381184101,104.6215439,0.932171881,1.487705946,0.05258245,0.003422526,0.910374165,0.672807336,0.054862518,0.67136693
0.528061807,8.878834724,129.1557312,1.19825387,3.575379848,0.168600678,0.011604096,0.303527415,0.332169384,0.249757111,0.902488112
0.760504663,1.52687645,139.2402191,1.189763308,2.893618822,0.130679533,0.008041818,0.670669556,0.54158324,0.162311956,0.854173481
0.002538841,15.15310097,103.8070984,0.880349934,2.347254992,0.134502918,0.004253057,0.616513669,0.604520082,0.296172887,0.909494042
0.839595675,4.7278018,81.52462006,1.165485382,4.031569958,0.103723921,0.001559758,0.619871676,0.529044449,0.145327628,0.800642967
0.888342559,2.866268873,83.89470673,1.329225421,3.335716963,0.067087777,0.001960357,0.685721934,0.663948596,0.188265234,0.921911061
0.051223483,4.426457405,172.2655182,0.825347066,3.898429632,0.032841142,0.002291242,0.808059335,0.622203767,0.018797778,0.607490718
0.90745312,3.541144848,128.0391541,1.062215209,3.790961981,0.075591989,0.004326047,0.569060326,0.390207082,0.173165366,0.844105542
0.249968022,10.16820145,113.4001541,1.191879749,3.877376318,0.179376081,0.004982669,0.615128458,0.463115096,0.216985539,0.892747283
0.316477776,6.484715462,148.1842346,1.230941415,4.385248661,0.092051119,0.003032272,0.796532214,0.656630218,0.147027656,0.817601442
0.526551664,4.839383125,129.7240753,1.217704892,4.654461861,0.110068262,0.002986348,0.51837033,0.460610867,0.170263082,0.867811143
0.889197826,7.209822655,113.3842926,1.309987068,5.327506065,0.106880426,0.01002004,0.663525462,0.536793113,0.35043928,0.949996829
0.920668542,1.499894977,140.4032745,1.249397755,1.837475181,0.17366825,0.005197055,0.770566165,0.587618828,0.231107354,0.878939629
0.911504805,3.960963249,120.5885544,1.249453545,4.869171143,0.05474171,0.00539707,0.795734346,0.527125418,0.353613287,0.984649658
0.776146293,7.090381622,109.4305649,1.078083873,3.468087912,0.059082717,0.002603645,0.598032951,0.593369722,0.027580936,0.71675849
0.88041842,2.476578712,130.9578857,1.217642426,3.337902784,0.059451658,0.002886003,0.665009141,0.584670782,0.227172881,0.946075439
0.642167866,8.199071884,129.0868988,1.249311566,4.465794086,0.138626337,0.005986137,0.235862195,0.292636186,0.247253001,0.892748535
0.15914984,6.287248135,136.7043152,0.996024251,2.78647542,0.105105102,0.005255255,0.680348635,0.457363963,0.072202161,0.757588089
0.913287699,3.736381531,126.6102524,1.18813622,3.940915108,0.124472149,0.003016288,0.595505476,0.35487017,0.144437879,0.816712856
0.733541787,4.180747032,128.2051849,1.258740544,3.816412687,0.07959906,0.003832547,0.741238654,0.5614779,0.267162412,0.899917841
0.778961599,3.844954729,114.6258392,1.022574186,1.186617732,0.029683378,0.001649076,0.875449598,0.644025385,0.005233046,0.611844242
0.399558485,2.710207224,102.0489273,1.018489361,2.209495783,0.034262486,0.001548587,0.838080406,0.599696696,0.016964193,0.593433857
0.708662152,7.417126179,135.7587433,0.90681076,2.362164974,0.140456185,0.009203682,0.74308455,0.558717608,0.279618144,0.937767386
0.369293541,7.477488995,133.6799164,1.148154497,3.808686733,0.072758034,0.002326565,0.652698457,0.403616786,0.16800873,0.836730063
0.746442735,13.2594862,105.2244644,1.148937225,3.632884264,0.156948224,0.00626703,0.559870064,0.307645798,0.267387927,0.899546921
0.849950314,4.726249695,119.9810333,1.145617485,5.105597496,0.096873395,0.004869298,0.486825347,0.358886093,0.209671274,0.918264627
0.479168952,2.793237209,106.3027115,0.965451241,1.237311006,0.06187477,0.007039644,0.429630905,0.230096027,0.022300815,0.747027636
0.039695028,4.889787197,107.3243713,0.81577915,2.588143826,0.079370752,0.002860207,0.571411669,0.415181905,0.192616567,0.734353244
0.646700859,7.096826077,117.5295105,1.255380988,3.503069162,0.12357913,0.005537744,0.499600321,0.367232651,0.123489745,0.828510582
0.65228498,6.837269783,108.4130859,1.329175115,4.578321457,0.172011048,0.003822468,0.51377815,0.284329534,0.228051975,0.906619728
0.504076302,6.854427814,114.2406082,1.332333922,5.001614571,0.099234477,0.003685852,0.818952858,0.623569191,0.095736891,0.78224051
0.001506257,11.54436588,107.946373,1.048661828,2.751399994,0.12207792,0.006493506,0.489372134,0.562563121,0.267330021,0.894105077
0.502385437,7.084459305,140.658844,1.13587606,3.377657175,0.064294189,0.002135231,0.737352014,0.624648631,0.233673081,0.930750012
0.00279929,13.45147705,142.2821198,0.901167631,2.757389784,0.114007778,0.006614786,0.647202432,0.541027129,0.218862057,0.853441656
0.743089855,4.10667944,136.2911072,1.313233614,4.32241869,0.161839858,0.00681431,0.58852154,0.408301979,0.228526279,0.90238595
0.740081549,2.572324991,126.4544067,1.042596698,1.695705891,0.133529291,0.004199034,0.750974298,0.55321902,0.303834617,0.918170035
0.732069135,4.64432478,79.89017487,1.198011398,4.50874567,0.050045773,0.003051572,0.60908556,0.505502999,0.197074607,0.945355415
0.085591175,6.246129036,127.8922729,0.838985026,3.186536074,0.095631234,0.005159959,0.496341914,0.485845715,0.189177439,0.893979609
0.940708637,4.773020267,91.87850952,0.826736391,3.579688549,0.081799589,0.008179959,0.459172249,0.35243091,0.055381522,0.779631555
0.387284338,8.397903442,114.7014694,0.896050394,1.233994484,0.07171315,0.003984064,0.478126496,0.558978856,0.185239702,0.881161392
0.758986235,7.133865833,140.2619781,1.371513009,4.811666965,0.141877636,0.004219409,0.301388055,0.39149648,0.270761371,0.908991218
0.022800526,5.558075905,120.0290985,1.154568195,5.808888912,0.119945355,0.003005465,0.740242779,0.612564683,0.228497833,0.870681524
0.843919754,3.688699484,102.0922165,1.094080687,5.029653072,0.076892741,0.002365931,0.556125879,0.486843139,0.182254881,0.81066525
6.76E-05,16.47868347,117.6458588,0.905622065,2.205040932,0.178656131,0.00513834,0.519303083,0.588181794,0.232210755,0.908129156
0.748974442,2.849114895,108.0518951,0.98382473,3.736968517,0.089453861,0.003295669,0.671818852,0.580236495,0.256316036,0.914628267
0.843458652,2.236785889,124.9810181,1.14876461,3.577777624,0.052471638,0.001620746,0.518162072,0.545074642,0.205813706,0.887591481
0.757071793,4.693056107,152.6483307,0.878395557,0.318556637,0.026719727,0.003979534,0.872491062,0.687852979,0.010908565,0.632410467
0.005671225,10.1109581,107.5022583,0.988072395,2.444569588,0.143553302,0.003857868,0.579408169,0.4703269,0.180965856,0.873927295
0.968486369,2.431015015,128.0085449,1.275285721,4.190939903,0.068337813,0.00179051,0.617209494,0.516432106,0.159418702,0.857872903
0.016537052,7.185029507,117.9707565,0.994548023,3.35709691,0.045885477,0.00303375,0.810127378,0.666716039,0.221907884,0.956390083
0.960122228,4.452971458,86.63468933,1.315658808,3.867256165,0.050840829,0.002737583,0.597187996,0.455167174,0.114172533,0.795827925
0.784807742,5.285479069,135.552536,1.128288507,3.906514406,0.062034741,0.003158132,0.606410325,0.37280935,0.214094341,0.911617398
0.118561052,5.466313362,107.7282867,1.159989476,4.919223309,0.072159395,0.00538503,0.783471227,0.710621953,0.078163788,0.752297461
0.184204966,7.275717735,125.1663132,1.203032255,4.755728245,0.12648648,0.004594595,0.653712571,0.52726233,0.173870072,0.85800457
0.881529272,6.28509903,91.05627441,1.468877912,4.995582104,0.119967952,0.003404767,0.793660998,0.690207303,0.222674578,0.917256653
0.981099606,1.188075662,95.93745422,1.615561724,4.010292053,0.056771547,0.006155951,0.813235819,0.619607568,0.262594551,0.968333185
0.831761122,1.78319335,161.7215271,0.886894643,2.123722553,0.024929179,0.003966006,0.844073296,0.628975093,0.018024864,0.632979751
0.971558809,2.785984755,124.9476624,1.818277359,4.7848773,0.063170165,0.002097902,0.452375501,0.494470149,0.180406108,0.864509642
0.75323236,5.841964245,123.7700348,1.124518275,4.183010578,0.151885405,0.004634506,0.371702611,0.32981506,0.195568457,0.859006763
0.567173779,4.514955997,114.5163727,1.241672754,4.826693058,0.074253075,0.00241652,0.807517767,0.69980365,0.082937852,0.746649683
0.311926901,5.858518124,99.74860382,1.162992001,4.904612541,0.034639176,0.002886598,0.605982184,0.488502294,0.177311599,0.905953169
0.466817826,4.474064827,79.99750519,1.122428417,2.533782244,0.071821183,0.005496519,0.547102451,0.375229657,0.195489824,0.926663935
0,0,0,0,0,0,0,0,0,0,0
0.153883636,10.30701351,111.4734268,1.314741015,2.352678776,0.134482756,0.010344828,0.612491488,0.414050162,0.239595696,0.90551579
0.069722809,2.670089722,140.2764893,1.011698365,1.316387653,0.127242148,0.006165919,0.597055376,0.644145906,0.269819647,0.90720731
0.874414325,2.701231718,135.0014496,1.119026423,3.141070127,0.022898464,0.002109069,0.837022364,0.63350457,0.266149402,0.964072108
0.485961229,5.607199192,81.14006042,1.210668087,5.132647514,0.049957301,0.002988898,0.696267545,0.572024345,0.146206647,0.802785039
0.823286712,4.479117393,133.7489014,1.040265203,2.910454988,0.053769108,0.00175716,0.67069006,0.506562769,0.031632833,0.644603431
0.008153528,11.23865986,128.788269,0.793661833,2.373622179,0.153709903,0.004526668,0.426894814,0.392151833,0.192182451,0.890165567
0.847011089,2.822422743,127.941803,1.170918703,5.153316975,0.070748299,0.001749271,0.759184361,0.567542017,0.170699537,0.894701421
0.636057258,12.65437508,89.99693298,1.033681393,2.598343611,0.137354493,0.004232804,0.467492789,0.440790266,0.288017899,0.901654899
0.353411138,8.976997375,111.9443054,0.936317265,3.586290836,0.106169298,0.010521282,0.42855069,0.305824608,0.187144563,0.865601361
0.739595592,7.338065624,162.8634033,1.169563174,2.922621965,0.044843048,0.003923767,0.763369083,0.57177192,0.053544961,0.694173992
0.862232387,3.248182535,88.87259674,0.733707845,0.606874347,0.043762576,0.004527163,0.660223722,0.569086194,0.168294042,0.843530655
0.805985451,4.166263103,135.3641815,1.120911598,3.758754492,0.041389506,0.00443459,0.606628418,0.51109612,0.125237986,0.736451089
0.62421,6.827952862,91.26501465,0.936509728,3.377920151,0.0288906,0.002696456,0.787417293,0.637522995,0.248027623,0.935229838
0.213252127,4.989630222,136.4478455,1.247104168,4.477558136,0.130353823,0.00670391,0.451787025,0.414868206,0.214881986,0.908557892
0.946158826,3.335778475,112.0187683,1.463467717,5.722525597,0.073100708,0.001987633,0.618599296,0.501567483,0.035406206,0.704945028
0.585563719,6.444033623,84.25982666,1.127963424,3.336812258,0.092407592,0.004995005,0.568818688,0.576354206,0.245411441,0.884483218
0.698688686,2.019566298,111.8260651,0.955177546,0.307210833,0.088701159,0.006335797,0.696567059,0.680335343,0.232182041,0.895659924
0.778726161,4.877630711,114.1105804,1.411424279,4.743048668,0.08853475,0.002656043,0.814371109,0.674724579,0.136312068,0.83989495
0.813978612,3.601253748,105.6734314,1.088030338,1.986824393,0.039085545,0.004424779,0.626080096,0.475422472,0.010913298,0.59769851
0.111377552,7.939519405,89.6961441,1.126432896,5.160627365,0.134769544,0.00751503,0.379145682,0.34295404,0.278314978,0.910471797
0.711438596,6.026929855,142.9781799,1.271527886,4.511792183,0.069101326,0.005012531,0.657649577,0.462151349,0.201775655,0.901723862
0.653243303,3.62817502,95.10488892,1.321060061,4.295518875,0.111085609,0.005049346,0.668315947,0.574884355,0.140760362,0.827714503
0.68921417,9.851726532,103.7033844,1.505742908,3.984073877,0.17044425,0.006346328,0.371228576,0.496553093,0.273819715,0.903998792
0.660122037,7.069890976,123.5580292,1.346710801,4.600300789,0.149222791,0.007772021,0.541487157,0.383493781,0.235838488,0.881076396
0.676769793,1.886076927,152.4297485,1.188241601,1.074593663,0.084398977,0.008951407,0.507552803,0.444707721,0.194848806,0.833497405
0.537330508,4.051114559,150.1161499,1.018262744,3.645395041,0.057211537,0.004807692,0.541991293,0.467963308,0.148532823,0.817508459
0.515479684,7.464136124,99.00681305,1.084456682,4.741454601,0.135768265,0.00604534,0.773475885,0.658623636,0.248466149,0.89282608
0.127458543,11.26403999,139.4516144,0.986982405,2.113356113,0.058113206,0.004025157,0.434400856,0.407733917,0.147189587,0.825832248
0,0,0,0,0,0,0,0,0,0,0
0.935255349,3.395364761,94.88977814,0.989186704,3.662741423,0.083785117,0.006407097,0.706289113,0.608688414,0.239647463,0.906146705
0.405989468,1.570791602,152.8110657,1.299052596,1.021337748,0.053395983,0.002135839,0.370839834,0.416244149,0.364254117,0.927802682
0.309135169,8.086192131,104.8721237,1.254145265,4.430635452,0.118675828,0.003955861,0.613720894,0.53562206,0.126969606,0.842443585
0.890187204,3.215319395,117.2471466,1.351762414,5.639054298,0.098610193,0.0049636,0.485639364,0.409445494,0.056321323,0.684363306
0.355433166,5.163275242,126.2097092,1.178277254,4.272848129,0.086092718,0.007319624,0.555309355,0.379495561,0.072587311,0.752894402
0.103645571,16.02497482,92.34636688,1.110013962,3.483526468,0.10546241,0.008112493,0.444240659,0.269078344,0.213954717,0.89896369
0.030474201,5.8422122,108.9402161,1.056174994,2.767507553,0.111050628,0.009254219,0.588393033,0.632403553,0.217940643,0.890905619
0.494603992,8.076207161,109.9403534,1.080999374,3.515333414,0.114096187,0.005638474,0.730956495,0.61265856,0.114320725,0.81278336
0.901689768,2.904090643,161.5903778,0.943066776,4.238548279,0.017045455,0.002840909,0.802145362,0.621083081,0.008750615,0.607242763
0.839490414,5.825943947,120.0044632,1.139808297,3.274666786,0.048298217,0.002917342,0.669632375,0.627954662,0.16794537,0.862432837
0.025234722,6.227984905,112.2564697,0.953263044,4.813063622,0.134761393,0.005422994,0.47368291,0.632977426,0.18766731,0.828157246
0.529485762,5.772185802,128.9403687,1.166361094,4.37146616,0.108099587,0.004097069,0.611920834,0.561003745,0.140943155,0.795993745
0.7685287,7.063373089,89.00372314,1.23173821,4.468671322,0.091234043,0.00306383,0.517753422,0.456574798,0.154675782,0.829794228
0.847303331,4.999266148,161.4991608,1.149759173,3.370484591,0.086077847,0.011227545,0.743613541,0.663893998,0.155131266,0.844765365
0.918458819,3.606793165,89.96645355,1.226519942,4.094531059,0.04743376,0.001111729,0.605879188,0.568353415,0.265001208,0.965771675
0.08930821,5.033080578,98.831604,0.860588074,0.757180154,0.149867371,0.010610079,0.389601409,0.454793483,0.27804336,0.89161402
5.27E-05,10.24214649,109.7520294,0.833108544,5.000888348,0.112062052,0.003476865,0.518876672,0.515632033,0.170480058,0.864487767
0.582839906,6.117414474,138.4653015,1.359514713,4.475398541,0.189708143,0.006912442,0.643230796,0.423053026,0.188685074,0.874929011
0.816542506,6.557242393,109.7302551,1.324102521,4.751164913,0.189855069,0.005507247,0.571508825,0.392772287,0.302095324,0.908922732
4.39E-04,10.27667236,120.0342941,0.929851115,2.145657301,0.091038406,0.0056899,0.535445273,0.450984448,0.352781355,0.952484727
0.888390899,3.798754931,129.9709625,0.931471705,4.977057934,0.073909827,0.002710027,0.53399384,0.367363751,0.167138338,0.725750566
0.903858006,1.766392469,150.624588,1.365032911,3.378432274,0.0543379,0.002054794,0.836775839,0.68043679,0.066441163,0.712043166
0.924262762,2.558138371,82.3770752,1.173436403,2.504509687,0.03452244,0.00575374,0.72230351,0.484997988,0.042172298,0.731447577
0.79195416,3.015899658,95.0460968,0.969665825,3.028359175,0.054650664,0.00235748,0.872682929,0.719623268,0.109908916,0.758816838
0.281126708,6.655272484,119.7549591,1.186983943,4.741411686,0.168332458,0.004208311,0.562329471,0.382570982,0.204583779,0.875384867
0.592649937,4.915760994,83.85571289,1.060750008,2.942728043,0.067672417,0.003017241,0.518825352,0.450230747,0.21722053,0.946898699
0.766642511,5.897443295,139.1667938,0.902284443,1.037590384,0.045184303,0.004161712,0.683575034,0.487116158,5.17E-04,0.588038266
0.720814347,3.76431179,114.6761017,1.259483933,2.869530916,0.100565955,0.00457118,0.363189906,0.478766441,0.278791875,0.900463343
0.54231441,6.857205391,114.1646576,1.192863941,4.353938103,0.104962409,0.004210526,0.530162334,0.563771605,0.231996879,0.862484872
0.953878224,2.852731705,129.1411133,1.324247241,4.911295891,0.059033409,0.002270516,0.74161458,0.56287545,0.154926211,0.86463517
0.957871437,1.410738826,120.6684418,1.316093445,1.423390269,0.068376072,0.001643655,0.565224767,0.586627662,0.111527495,0.802342534
0.841440558,5.069105625,86.73278046,1.125625253,3.918150187,0.030871004,0.001984565,0.816367984,0.658518672,0.210839555,0.923478246
0.916816056,3.068276167,115.0188599,1.330446124,5.22094202,0.112030745,0.004433935,0.685496092,0.529552698,0.148159221,0.870265543
0.001316477,8.805308342,122.3598175,1.125125289,1.080890894,0.151799291,0.005575266,0.341045141,0.286057353,0.203353494,0.889721572
0.588236809,8.561781883,122.7488861,1.240262508,3.943144321,0.125091717,0.006603081,0.55435127,0.435724646,0.141958326,0.783759475
0.472390473,8.131534576,114.8657684,1.232134819,2.935481787,0.067090392,0.003531073,0.88520366,0.527106881,0.19782263,0.942021787
0.485939622,9.330760002,105.3954163,1.119392633,3.067043781,0.046909492,0.00303532,0.681656778,0.636866391,0.174372494,0.895284176
0.410727412,7.782078266,128.9868774,1.301633477,4.593553066,0.138841271,0.006513541,0.551052511,0.448638022,0.224223927,0.880228281
0.344972521,9.109085083,132.6206818,1.264512062,2.914420843,0.091423184,0.005655042,0.659609735,0.52434659,0.409980327,0.968856275
0.066057287,4.8795681,127.9321213,1.188337684,4.440983772,0.162197098,0.007754443,0.676878154,0.489459872,0.250223458,0.909355581
0.975341499,3.099518776,102.910408,1.765049577,6.392512321,0.086915888,0.004205607,0.388877481,0.497829229,0.174350634,0.895745635
0.850593746,2.617180109,122.26754,0.995819032,0.632709205,0.091324203,0.009784736,0.61316359,0.5934394,0.25957796,0.904120862
0.757941246,5.203103065,178.2060547,1.394376636,4.490370274,0.054624666,0.002010724,0.642341435,0.524644911,0.106578901,0.747948706
0.769900322,4.958696365,139.8806152,1.234101772,2.401397705,0.044850498,0.00166113,0.762564063,0.724714518,0.206111893,0.907499492
0.233913422,3.703359842,162.0379028,1.009844899,0.898277283,0.17820406,0.005560189,0.494312465,0.471267819,0.232819274,0.88078922
0.140527263,2.787248373,126.1980667,0.823097825,0.402345151,0.107681267,0.010768127,0.265842885,0.243304923,0.215010375,0.882300615
0.95838654,1.452243328,90.54886627,1.783130288,4.061379433,0.098647125,0.004791432,0.756852686,0.597691119,0.150545821,0.881832123
0.052554652,10.28683662,152.0648346,0.896469653,2.73255682,0.104024298,0.011389522,0.67103982,0.470949709,0.175792783,0.85909456
0.963705122,2.481698275,109.0417709,1.293330312,3.763533831,0.049435787,0.003761419,0.856748402,0.600841403,0.211488083,0.963932276
0.190884814,7.73230648,172.265686,0.991171896,1.700083733,0.049071617,0.00729443,0.627984047,0.486528337,0.161754683,0.750197589
0.77229321,5.451247215,162.8012848,1.362385988,5.229225159,0.138349518,0.006241331,0.667145908,0.518073857,0.179060355,0.866555095
0.252107143,2.218510866,114.3634644,0.961515486,0.947123408,0.140584797,0.00491228,0.273063421,0.297119051,0.16783005,0.889686108
0.967183828,4.602374077,112.1149368,1.459913611,4.890898228,0.131358296,0.007266629,0.325165033,0.285652667,0.320899367,0.924647391
0.014459817,2.406465054,161.4989319,1.248241901,2.226484537,0.169419289,0.009057006,0.191129938,0.336076021,0.243809015,0.903028488
0.711672008,4.410113811,110.0527191,0.985040426,3.174053907,0.179891303,0.009782609,0.574245572,0.307670444,0.24191606,0.890331984
0.88723135,3.421750069,119.9775009,0.994226933,3.89019084,0.077160493,0.007716049,0.833560169,0.607461929,0.037377466,0.637749374
0.944942772,3.055211544,91.07051086,1.76656127,3.924446344,0.041808292,0.002379334,0.782372355,0.545956731,0.044351768,0.640997171
0.551857352,4.768191338,114.1292496,1.184534431,2.165899992,0.128934011,0.007614213,0.675924242,0.535894096,0.215390414,0.875086188
0.004233292,14.21236229,110.0134964,1.02428031,3.778807163,0.081447966,0.005569092,0.581421733,0.558544874,0.238544315,0.885085642
0.098864935,13.56208801,129.4654083,1.206483364,3.843129635,0.193023801,0.00518501,0.355316013,0.397278547,0.276497513,0.902032197
0.850881279,4.748155117,166.1390076,1.366071343,3.52008605,0.05563331,0.003149055,0.688337743,0.596338391,0.190977588,0.900104761
0.429538578,5.583389759,135.223587,1.219859958,4.356912613,0.039048739,0.002935995,0.748768508,0.570115805,0.037335932,0.643001795
0.201683387,11.55488491,140.3939972,1.249907374,3.700940371,0.123416238,0.008916002,0.405183345,0.60315758,0.314431399,0.917851746
0.058679029,3.147585392,123.4499664,1.096389532,2.133285522,0.169198528,0.009952855,0.395979553,0.498137385,0.252815247,0.904679
0.817023098,6.785786629,119.6631546,1.415308952,5.176250935,0.096784882,0.002320186,0.715667129,0.52530551,0.148236707,0.765525937
0.927646041,2.695593834,89.05680084,1.091531754,2.752528906,0.065294713,0.00304878,0.862348199,0.597440541,0.035468116,0.708760619
0.893114805,6.035763264,97.5982132,1.471541643,5.341329575,0.16714628,0.004556355,0.48296231,0.386135221,0.271408319,0.903777242
0.370905459,6.073079586,123.7257385,1.189180613,4.009572983,0.120959334,0.0088634,0.541654766,0.330734491,0.272937357,0.918392539
0,0,0,0,0,0,0,0,0,0,0
0.154584363,5.997009277,164.9178925,0.944766581,1.474232435,0.12486349,0.005460503,0.595317066,0.417770296,0.250973821,0.865950823
0.32442975,4.02688694,150.042038,1.093764424,3.716001034,0.024525316,0.003164557,0.880735993,0.661180377,0.047375575,0.664778829
0.971883059,0.952428699,109.3428726,1.121719003,1.717706919,0.134459466,0.006756757,0.610967517,0.258092076,0.229196832,0.886268795
0.831261337,4.85294199,102.8958969,1.137304902,3.427246332,0.093711466,0.009247842,0.587506473,0.521648765,0.114269666,0.788546503
0.219658718,9.196537972,110.3149719,1.45136714,4.453668594,0.14172186,0.010596027,0.616856754,0.591663599,0.343895972,0.931112051
0.808654785,5.502733707,143.9981232,0.994320512,4.843068123,0.082226984,0.002569593,0.585457325,0.430200756,0.157845467,0.690602601
0.772935927,7.597634315,109.8519897,1.285999298,5.146844387,0.140876204,0.004019293,0.502370298,0.394063801,0.248004913,0.921829164
0.898271561,3.213857174,114.9441452,1.213863492,4.732470036,0.057630043,0.001726743,0.716592729,0.511529863,0.194161654,0.88882637
0.747925937,2.845963717,83.82509613,0.945431948,1.793325424,0.117107585,0.005996473,0.563518643,0.488453627,0.255370378,0.858805478
0.948854625,4.305808067,117.7887344,1.128979802,2.082694292,0.02800383,0.002632839,0.789313853,0.693520427,0.063419171,0.753047407
0.089220494,6.057946682,105.9298935,1.044401169,3.322612286,0.151357591,0.006643559,0.3026402,0.363060355,0.290243626,0.907647133
3.77E-04,7.143971443,99.01937103,0.915260553,3.586840153,0.133059546,0.003080082,0.613537908,0.47399351,0.150258288,0.808186412
0.721539557,4.756989479,110.5134354,1.223232269,3.441316128,0.04945904,0.006697578,0.629333973,0.488256693,0.192979127,0.937833965
0.547231317,11.95010376,126.2753448,1.104370832,4.402541161,0.155893534,0.007287706,0.315588921,0.282311291,0.218202606,0.880478799
0.795428097,3.701155424,125.3397827,1.240191936,3.759155989,0.069424629,0.002615311,0.721568763,0.603253126,0.099356636,0.786087394
0.145872518,9.097669601,123.3729858,1.175331116,2.876984358,0.12077453,0.006892025,0.310965121,0.375489414,0.178917453,0.884937108
0.747357965,7.144525528,147.7232513,1.323738694,4.77846384,0.171140939,0.005965697,0.578874946,0.350881785,0.233975768,0.899552763
0.339030892,6.51420927,129.5133514,1.149365544,3.987068176,0.146975935,0.004335573,0.383509159,0.259364545,0.236392364,0.894403517
0.950390995,1.943293452,142.3091583,0.923039198,1.446456909,0.13816756,0.008819207,0.601567149,0.608020425,0.178592294,0.86352402
0.196740791,3.81548667,97.88049316,1.140554547,5.536094666,0.047315743,0.002502275,0.832437813,0.634866118,0.034154247,0.631116688
0.656584561,6.267214298,103.6798859,1.097814322,4.14140892,0.140406236,0.002169197,0.583105803,0.414913923,0.187009856,0.799191833
0.9642241,3.979305506,151.8139801,1.278577805,3.902762175,0.044681884,0.004371054,0.746599853,0.576657355,0.109402776,0.727505565
0.824489534,3.332202673,143.9203339,1.152608871,4.550831795,0.079499446,0.004416636,0.713222861,0.617807925,0.243941575,0.87339294
0.170311883,8.003939629,132.1631622,0.8137725,1.586910486,0.069401242,0.003304821,0.613090336,0.55502969,0.210743323,0.872593701
0.972044706,1.089749575,145.0357819,1.199227333,1.032060385,0.187414497,0.011627907,0.262339145,0.474716067,0.23741588,0.898687243
0.844456613,2.163769484,108.5452805,1.068959236,0.534050822,0.240152478,0.013341804,0.320691228,0.274429321,0.264526933,0.903624415
0.828949511,3.64993906,144.7198486,1.270947337,3.389520407,0.072373003,0.007654836,0.539751172,0.564707816,0.282566965,0.904111803
0.805050492,4.571651936,82.44176483,1.066361904,3.651026249,0.086877279,0.004556501,0.427095085,0.285163254,0.160384253,0.754216135
0,0,0,0,0,0,0,0,0,0,0
0.334501415,6.060086727,120.3613281,1.059498191,3.158138752,0.083277367,0.004253414,0.529353857,0.493193328,0.117654637,0.826103449
0.023938973,16.54889488,97.19477844,1.036147714,3.572084427,0.208558783,0.01131333,0.186291113,0.204823062,0.231995642,0.895859838
0.387501448,6.788064003,80.56658936,0.974712431,4.547457218,0.156266958,0.010309278,0.309680223,0.248722509,0.274986356,0.883427203
0.468310833,10.662117,129.77034,1.272705317,4.489924908,0.124874122,0.00436388,0.44304195,0.293676823,0.285769761,0.943153083
0.943946064,3.223118067,129.8511353,1.403457522,4.027063847,0.061155915,0.00672043,0.613806427,0.449624598,0.22591351,0.929083824
0.170311883,8.003939629,132.1631622,0.8137725,1.586910486,0.069401242,0.003304821,0.613090336,0.55502969,0.210743323,0.872593701
0.440559745,3.344079971,136.5263062,0.845686436,0.457309335,0.159445405,0.009098787,0.265597761,0.328656793,0.310721487,0.913397431
0.307468325,5.907776356,84.57966614,1.185574055,4.388329029,0.074259408,0.001601281,0.64891839,0.501363039,0.088757575,0.730763137
1.14E-04,7.357765198,172.2657928,0.973147333,3.349827766,0.09213227,0.005017104,0.393014967,0.284725398,0.268610626,0.928483844
0.20736903,5.991353512,125.7083359,1.120305419,3.605311632,0.123545431,0.004704135,0.65980792,0.684706271,0.222492278,0.877535582
0.92127502,2.682769537,95.95506287,1.265700459,4.005092621,0.041150991,0.002475247,0.879607201,0.672990382,0.014851428,0.619305313
0.041427266,5.787405968,123.5718002,0.771057963,0.845613778,0.037945699,0.004906771,0.562541902,0.35072571,0.122127794,0.728055239
0.958859563,3.642681122,117.4051819,1.32084167,5.699386597,0.097862765,0.003937008,0.70659405,0.596923888,0.194767818,0.889305115
0.336978495,4.07372427,125.8433228,1.18291688,2.663680315,0.07937298,0.004229908,0.857221782,0.73180002,0.119714729,0.823145747
0.552933991,3.957020283,155.68396,0.962119162,2.921478748,0.173349053,0.009433962,0.467911184,0.355634123,0.245694146,0.897330344
0.973834395,1.753981113,87.10922241,1.538798451,2.93991971,0.048857868,0.00571066,0.745895147,0.61686945,0.20325163,0.938419461
0.213549137,4.238320827,155.0698395,0.856081545,3.010284901,0.066153847,0.003076923,0.663640022,0.482970208,0.218586519,0.943671644
0.024965111,8.671715736,164.8087616,0.761344373,1.32618463,0.034261242,0.005888651,0.763669431,0.531481683,0.034447793,0.627289414
0.955119848,3.01724267,135.0812378,1.176144481,3.395452738,0.087499999,0.002083333,0.683212757,0.596738219,0.179084241,0.904707193
0.971950293,1.765227199,165.6424713,0.967260897,0.662387371,0.111024238,0.004430545,0.532545805,0.472458243,0.218183041,0.854884267
0.581012547,4.704084873,92.39437103,0.81442076,0.438019931,0.058134396,0.002431476,0.489617199,0.340772778,0.200598434,0.901148975
0.008801189,10.60787964,165.1057587,0.916691065,2.421820879,0.119672529,0.004093426,0.428478956,0.500298858,0.29254359,0.902967751
0.957529247,4.119305134,124.9728546,1.304837346,4.159775257,0.103271581,0.003350414,0.527534306,0.452426672,0.196197301,0.902426422
0.906294942,3.412577391,99.53939056,1.253480196,3.881640673,0.111805812,0.007723428,0.721431792,0.532683134,0.211054087,0.89042294
0.835254252,6.241654873,123.2978745,1.124319553,3.920392752,0.04094293,0.003308519,0.820608377,0.677898824,0.023772556,0.681649148
0.865592539,6.450437069,101.0840073,1.483076334,5.326132774,0.150818229,0.007518797,0.400230348,0.325280368,0.193283841,0.877446473
0.103938073,7.733037472,114.1706314,1.023708344,3.395845413,0.116076969,0.006207325,0.600390792,0.641598225,0.130181819,0.838124335
0.436975449,5.574905872,110.4891205,1.024562001,3.157405138,0.039944425,0.0024314,0.833584249,0.626717448,0.21538417,0.974248469
0.004192702,4.821343422,155.9227295,0.890630186,3.665225983,0.081098758,0.009156311,0.537055254,0.466228604,0.235808074,0.912396729
0.103670619,6.90167141,143.598999,1.354192376,4.180893421,0.095167287,0.007434944,0.519945025,0.385842413,0.268514395,0.930123627
0.878329515,4.373566151,95.81731415,1.161151409,4.840734959,0.046446919,0.001070205,0.886765122,0.674607396,0.008779,0.633333147
0.85193032,2.709662914,125.0470276,1.074800611,3.246003628,0.045425463,0.002559181,0.685055196,0.590699255,0.21260269,0.901736856
0.247042,5.532789707,110.4373169,1.164480448,4.424314499,0.034547403,0.002678093,0.744147182,0.566567183,0.025493182,0.648630202
0.075447239,14.48359203,122.2886276,1.061024785,2.952044725,0.182861,0.01417004,0.525391519,0.452934593,0.224671721,0.894820154
0.11878828,8.698266029,105.7594147,1.108509421,2.252390385,0.104575165,0.004248366,0.452782005,0.559702158,0.234660953,0.905122042
0.432050586,5.596725941,126.4398956,1.326745987,5.782342434,0.122762866,0.004474273,0.502595127,0.549469829,0.401765138,0.949922383
0.75054276,3.436278343,139.7712555,1.37525928,4.441697121,0.040227957,0.002681864,0.72972399,0.588730752,0.200940609,0.917529345
0.475767851,5.607582569,78.05971527,1.090869308,2.892400503,0.129725724,0.014825797,0.575125396,0.630007863,0.278465986,0.900674522
0.53028965,5.012891769,99.56813812,1.06436646,3.299391031,0.07224635,0.006711409,0.516742468,0.352106512,0.250436544,0.95033735
0.958185494,1.44653976,111.0881958,1.174976468,0.503413439,0.075783476,0.010256411,0.648611844,0.541180015,0.18119441,0.889538169
0.92484951,3.016660929,125.0398636,1.733225703,3.868339539,0.064714946,0.006163328,0.782538533,0.66382426,0.23151961,0.946522832
0.008032145,6.815698624,129.1624756,0.842996299,1.467746615,0.047898978,0.003265839,0.889409065,0.728277266,0.095409036,0.749739587
0.589809895,3.13965106,178.2064819,1.039510608,2.971155167,0.023963731,9.07E-04,0.692305565,0.5400635,0.059583206,0.631627262
0.261797935,5.422072887,90.39758301,1.023185372,5.547346115,0.145739913,0.004110613,0.170795918,0.26001668,0.251609296,0.895951509
0.24025999,3.687447548,90.12136078,0.845182061,0.302929014,0.034039952,0.002038321,0.755692959,0.594772398,0.035797261,0.655421734
0.001687433,7.130164146,128.8321075,0.881626308,2.544597864,0.162238553,0.004239684,0.64975965,0.643505335,0.218556374,0.892242014
0.634931266,3.676468134,103.6170731,0.911457956,0.808513939,0.082324453,0.004237288,0.700603008,0.701046884,0.252287835,0.910687685
0.636859834,5.494451046,135.5135345,1.022178173,3.081555128,0.095996894,0.005829771,0.859279335,0.612674713,0.110537805,0.704305828
0.370949298,4.41242075,153.0795288,0.932294846,3.167530298,0.070739552,0.003858521,0.53760308,0.483701915,0.17088446,0.878562868
0.811828732,4.907068253,90.03714752,1.166198373,4.662550926,0.029315962,0.001184483,0.640002847,0.49477157,0.058492556,0.683595836
0.074416399,5.248448372,154.4598999,0.792904735,2.530706406,0.175727904,0.005410977,0.504440963,0.442819059,0.283430904,0.896683633
0.774705112,4.033471584,105.0466156,1.003290534,4.389883995,0.072097056,0.003119584,0.609626472,0.508529663,0.161886722,0.752486467
0.029169837,10.35460949,139.9218445,1.018808723,2.578086853,0.130638853,0.004693612,0.529131353,0.627778292,0.328489751,0.913249493
0.935104072,4.519071102,95.63313293,1.011517763,3.434893847,0.115558915,0.014350453,0.560409546,0.541469336,0.237309113,0.888727129
6.22E-04,10.3217926,146.9139557,0.942945182,1.970723629,0.099009901,0.007072136,0.323346227,0.352861017,0.244415671,0.871377528
0.9242028,2.480863094,119.6590729,1.472541332,5.244437695,0.054514956,0.004193458,0.69220984,0.495483994,0.217486516,0.925064206
0.919439495,1.318608284,128.062851,0.978604555,0.747150838,0.165119693,0.008304836,0.551093221,0.582238376,0.236662477,0.889009833
0.877138495,4.31414175,129.8461609,1.286598802,4.978661537,0.142009139,0.007762557,0.62212652,0.549000382,0.164510846,0.844619989
0.554470718,7.062095165,162.4050446,1.164287686,4.258729935,0.12847437,0.011117974,0.568039775,0.532970011,0.228415176,0.885473907
0.971528769,2.213248253,125.0344925,1.581356525,4.475505352,0.032620613,0.00191886,0.858636618,0.671695769,0.037912212,0.668004334
0.018925363,15.10766506,123.8378677,1.003662705,2.658693552,0.161250517,0.006581654,0.552518785,0.638834774,0.263705879,0.894381821
0.943429828,2.765621901,120.5182877,1.330005646,4.077690601,0.043996595,0.00283849,0.625312626,0.46649453,0.412960321,0.987500906
0.955899119,4.17511797,106.0038681,1.115822077,5.093957901,0.072463766,0.003534818,0.755702913,0.639051795,0.152611807,0.859873831
0.026933923,6.484285831,120.167366,1.067851663,3.476261139,0.159372628,0.006071338,0.455753893,0.453205019,0.222753629,0.892503321
0.978737056,1.981098056,99.20343018,1.680594206,3.639544487,0.111633874,0.005988024,0.494777381,0.528006434,0.128008083,0.83242166
0.900832593,3.40636158,137.9874725,1.168892622,4.196101666,0.056993313,0.002326258,0.622786939,0.593001306,0.189856827,0.902296007
0.676769793,1.886076927,152.4297485,1.188241601,1.074593663,0.084398977,0.008951407,0.507552803,0.444707721,0.194848806,0.833497405
0.605750382,5.838002205,122.0909653,1.136679649,4.068191051,0.068376072,0.003859939,0.559228778,0.465710342,0.26670295,0.925468981
0.964866281,3.047449827,154.4337616,1.393458247,3.286524296,0.150888994,0.005526189,0.16423063,0.438686579,0.263145149,0.898659587
0.826308906,2.162380219,89.99307251,1.274712205,4.962182999,0.081818178,0.002272727,0.643436432,0.544891,0.342646897,0.959425628
0.08278507,4.135991097,89.57918549,0.83643806,0.928488791,0.109834887,0.010050251,0.178094879,0.216096208,0.182335779,0.875928104
0.009020854,14.06989384,125.9863129,0.901919782,2.104758978,0.119591638,0.005347594,0.431247979,0.249380141,0.211935654,0.892795444
0.094156489,8.28837204,161.9824066,1.078775287,2.806161642,0.057136834,0.002319207,0.682549715,0.50846231,0.122380011,0.723474681
0.633896887,5.393986702,164.4067383,0.978277564,2.05231905,0.026982011,0.001998668,0.828271329,0.566243529,0.002690355,0.576897681
0.321188658,4.070110798,131.9320526,1.098312259,3.408586979,0.122535959,0.008524241,0.564666092,0.586772144,0.176400721,0.849183142
0.775963604,2.546851397,124.0009689,1.665094852,2.898767233,0.046080966,0.002153316,0.885886788,0.714026451,0.060633708,0.674570322
0.85295105,3.366685629,99.87556458,0.951173365,4.392513275,0.055072464,0.004347826,0.781751752,0.564248383,0.243685856,0.962546229
0.873582602,1.427479148,101.9410553,1.114344954,3.946969748,0.039320387,0.002912621,0.800381303,0.658478677,0.053644031,0.682145894
0.183908597,7.326198101,137.3563385,1.155603528,5.075574875,0.142454162,0.007522332,0.529270351,0.508377433,0.33137989,0.924672186
0.957659066,1.818984509,99.76284027,1.358127475,4.693754196,0.035373386,0.003368894,0.761289477,0.616456747,0.017736323,0.622451186
0.330685765,5.143959045,109.5559692,1.369997621,4.921562672,0.118304141,0.003808073,0.670948803,0.437572062,0.13094762,0.842026293
0.641769826,5.406064034,114.7307281,1.389701247,5.041872978,0.108863637,0.002272727,0.483130068,0.537861466,0.26524508,0.949827909
0.965583622,3.788881063,142.4400024,1.166928053,3.542366743,0.070636764,0.002835782,0.569050074,0.572751701,0.142418325,0.823733151
0.919601858,4.841864109,129.8509064,1.123550296,4.001101971,0.061746262,0.005306319,0.715276301,0.567509711,0.20435676,0.949946821
0.219081998,5.29948473,110.6893158,1.138795972,4.164496899,0.09651646,0.003355705,0.420871556,0.36188513,0.293499768,0.911257267
0.914914548,4.059700966,94.75205231,1.257378697,4.075876713,0.093216121,0.003151435,0.75272733,0.725459576,0.210898906,0.885578573
0.731669188,5.729799747,143.6880951,1.319879293,4.491885662,0.023595506,0.002808989,0.698465526,0.567346394,0.122416146,0.707662046
0.678075194,5.346646786,140.6164856,1.366433263,5.241269588,0.108092025,0.002776676,0.610661626,0.485834718,0.226408765,0.925141394
0.965381205,1.271495581,148.8998718,1.298508286,1.724698663,0.105845183,0.009478673,0.467303693,0.388338864,0.175363466,0.866060197
0.937086523,3.016812801,117.6662903,1.177791238,3.749469519,0.096729293,0.009046625,0.540499866,0.674418628,0.130692974,0.791706562
0.76891309,4.964327812,114.7064896,1.168598056,4.248083115,0.110671937,0.004940711,0.462050587,0.450324774,0.201522604,0.868581533
4.63E-04,17.62081718,114.7717209,0.951790154,2.096804857,0.1148289,0.004942966,0.467310697,0.421982616,0.193586394,0.861046791
0.348496288,5.581110954,104.7073135,0.890843451,2.180081844,0.127195641,0.009691096,0.463792413,0.644156218,0.246986389,0.894786358
0.816353798,5.13270998,87.10298157,1.216222405,4.635304451,0.050679397,0.002203452,0.720820665,0.540894866,0.261667997,0.985901952
0.135898083,4.350824833,99.20693207,0.901230454,2.410433292,0.157288134,0.012881356,0.334034115,0.346525729,0.237421021,0.889790714
0.714405537,1.529303193,126.3218765,0.699567616,0.166353673,0.115201898,0.005938242,0.478893429,0.497547328,0.181983471,0.884042025
0.751021504,4.141361237,90.05485535,1.098837733,3.989404202,0.058592729,0.002354172,0.540665329,0.403196007,0.199692979,0.801598132
0.349841982,7.459682941,129.7916565,1.039522171,3.395940304,0.085510686,0.00564133,0.592780352,0.428103149,0.205997273,0.905472577
0.644152343,7.316557884,102.5943832,1.3462075,4.078190327,0.109776303,0.005799503,0.86546582,0.675128341,0.093402237,0.763852298
0.003979173,10.52944374,113.9121933,0.972343087,4.32737875,0.069961488,0.00224647,0.193357661,0.335852504,0.331412941,0.965808511
0.956652403,3.435399055,97.70301819,1.370855093,3.952266693,0.042567268,0.001764446,0.735895514,0.601265073,0.187323987,0.894044101
0.715152264,4.492443562,109.9803085,1.042516947,3.187947512,0.160135135,0.014864865,0.317762047,0.19365865,0.231833041,0.898228526
0.254086643,9.325265884,128.7226257,1.012935281,2.66576457,0.081062198,0.011180992,0.283255905,0.36183995,0.227206007,0.906294167
0.021899937,5.690926075,151.6235809,0.958727419,3.889841795,0.061436117,0.002347877,0.774309039,0.562994182,0.170891926,0.876073897
0.806617439,5.301562309,144.228363,1.160633445,3.977545977,0.066827871,0.003297428,0.594853938,0.36584869,0.299030781,0.956300497
0.875798941,4.854114532,146.9944305,1.184041977,3.411683798,0.054646187,0.002266432,0.663479745,0.528182507,0.026823975,0.638419271
0.881980002,4.922357082,96.7004776,1.458659768,3.971117973,0.12660028,0.005405406,0.436720401,0.335349798,0.181029797,0.806679547
0.850905061,5.405083656,120.1719284,1.093284369,3.310281277,0.064327486,0.002339181,0.545175195,0.426436514,0.205278605,0.871421993
0.886677742,2.395638704,140.8082275,1.025015593,3.422703743,0.051311955,0.003206997,0.540962636,0.455400735,0.237303197,0.866958976
0.775917649,3.869982481,141.5189209,1.153603315,5.449437618,0.067885116,0.003085687,0.811950266,0.74386847,0.109301105,0.827214479
0.882504106,8.867206573,106.6204071,1.182359576,4.178500175,0.065934069,0.006464124,0.908123612,0.680764437,0.014958927,0.65704453
0.959701657,1.202750802,90.86083984,1.211073756,3.512564182,0.083180651,0.005862954,0.67024374,0.355502039,0.240419254,0.891407967
0.980311096,1.885197401,145.0436554,1.439074755,4.803975105,0.106004901,0.00245098,0.690180957,0.665246546,0.183173731,0.858730614
0.762019038,3.65290761,112.4749908,1.037261128,3.128060579,0.073350534,0.005528935,0.802345932,0.611436069,0.041850045,0.746101677
0.650164425,6.196774006,129.589798,1.333128691,4.490062714,0.11943794,0.007025761,0.606484592,0.623996198,0.237627476,0.89865011
0.943815529,2.529177666,128.1314545,1.278365493,5.060183525,0.099867143,0.003100089,0.587916315,0.475407213,0.142544985,0.785721302
0.848727763,4.739326477,119.9227295,0.922570825,2.336696863,0.053122755,0.009332377,0.61143744,0.496335387,0.241587386,0.902943552
0.022518266,6.809281349,90.9420929,1.08633399,4.913616657,0.199186996,0.006504065,0.21411936,0.612197518,0.242621034,0.899217188
0.41774717,8.361418724,100.3190994,1.193216801,4.145748138,0.170750991,0.004347826,0.552411258,0.458213478,0.245304152,0.907242656
0,0,0,0,0,0,0,0,0,0,0
0.253838718,6.253712177,129.0063019,0.941346943,1.689129591,0.033254158,0.005938242,0.698390245,0.523115695,0.195334554,0.948794723
0.973750412,2.519347668,109.8918991,1.442360759,4.914285183,0.057032757,0.003468208,0.8465783,0.578301668,0.034603734,0.634678781
0.048763115,11.67128372,120.0173492,0.681171775,0.033863895,0.078192532,0.004322201,0.542383134,0.369665802,0.236255854,0.930949688
0.424461842,7.311609745,104.2654419,1.210828304,4.257596493,0.141207516,0.00725833,0.654263973,0.597459733,0.279511869,0.907339096
0,0,0,0,0,0,0,0,0,0,0
0.758672655,6.248321533,117.3001251,1.292341828,4.562155247,0.181996092,0.00704501,0.568547666,0.445251167,0.278030515,0.90759033
0.068844453,9.481955528,123.3321762,0.688153625,2.322623968,0.117504545,0.013325257,0.487496614,0.5022012,0.231863916,0.903789163
0.251913607,18.99397469,126.0226822,0.881702185,1.13350296,0.137920305,0.00373599,0.226583794,0.427301258,0.201201156,0.88997668
0,0,0,0,0,0,0,0,0,0,0
0,0,0,0,0,0,0,0,0,0,0
0.792893946,3.250715971,122.8098755,1.130774379,4.726280689,0.189372525,0.007348785,0.409204364,0.390733212,0.220036969,0.889235556
0.009460866,6.600370884,112.1696167,0.884970963,3.825912476,0.106930695,0.010561056,0.625148058,0.34374696,0.239122584,0.879428625
0.04487152,7.738467693,112.6738281,1.032293916,3.198548794,0.119745992,0.005140611,0.343289703,0.456243575,0.291735709,0.908219934
0.00286106,16.40099525,134.1529999,0.923468947,2.762373924,0.1034749,0.009266409,0.622451603,0.435126185,0.185632423,0.827560484
0.934283257,3.552521944,172.2660065,1.484469652,4.02603817,0.088849559,0.005663717,0.50637418,0.412224621,0.199599087,0.881120622
0.895281494,2.873076916,129.9742889,1.268028975,5.338677406,0.060735673,0.001710864,0.806634247,0.627695799,0.187207818,0.908812106
0.002201093,11.21874523,89.98027802,0.751917541,0.281368315,0.016224772,0.001582905,0.669776678,0.645267844,0.160662919,0.840546966
0.059212163,11.95102596,152.8103333,1.871065736,2.508098364,0.103482589,0.002487562,0.706928551,0.658932567,0.163021162,0.869979262
0.207015306,3.270979166,93.87856293,0.970550537,3.964165449,0.037910037,0.003339226,0.630360007,0.531413794,0.180205882,0.867743015
0.962029517,1.550985098,135.2133942,1.232203841,2.895220518,0.111166008,0.005928854,0.716554523,0.479537934,0.081832431,0.74661994
0.976865947,2.407516479,128.3085022,1.701102257,5.203261375,0.103852965,0.002878654,0.48947528,0.495743364,0.036228567,0.749213874
0.044823453,3.955909729,123.0024872,0.851449072,0.631210685,0.133757964,0.011464968,0.656021416,0.5367136,0.268368572,0.900427341
0.703902662,4.588905334,128.0658112,1.3193115,2.681979895,0.050828729,0.002946593,0.594822526,0.558430731,0.218869045,0.909107089
0.958403647,3.010049582,120.0028,1.350410938,6.172278881,0.063294291,0.002741091,0.708976686,0.619432867,0.170328781,0.876405954
0.805227995,2.283504248,77.37467194,1.023406982,2.506783724,0.07672634,0.002557545,0.571353316,0.533162475,0.088049062,0.809689105
0.827257216,4.619180202,163.464447,1.264945626,3.2882936,0.0406547,0.003695882,0.832932353,0.646598876,0.05572414,0.701535106
0.649053812,2.074283838,129.0820618,0.851474822,1.620099545,0.153793097,0.009655172,0.31570217,0.427884132,0.22684285,0.89510715
0.909934819,9.161617279,101.7118378,1.42921865,4.745164394,0.197000682,0.012269938,0.48744151,0.399442315,0.246504769,0.898918509
0.758880436,8.633012772,120.1168518,1.338517189,4.34493351,0.1063006,0.003519887,0.71754241,0.574146867,0.168377578,0.80091399
0.959741116,3.20012188,106.0322266,1.285696268,5.766746998,0.040118381,0.001973035,0.802744269,0.659877479,0.010242727,0.624058962
0.591142058,5.961538792,80.20106506,1.365772128,4.306012154,0.112343155,0.005252407,0.733411789,0.676113546,0.120591365,0.818226397
0.001683761,9.178124428,147.7340546,0.894439697,3.979256392,0.157869488,0.004798464,0.531766534,0.34242928,0.188392118,0.873340249
0.962346375,1.19958365,144.97052,1.412060857,2.620533943,0.050576184,0.005761844,0.480511338,0.470618516,0.125785097,0.861856222
0.957580566,1.460884452,85.90874481,1.59822619,3.513442039,0.085943468,0.005729564,0.511719584,0.451164544,0.110957347,0.812872589
