434,0.132065,646,0.0686457,6,0.0643055
819,0.176441
580,0.168901,762,0.0247125,929,0.0136458,411,0.0111843,577,0.00687888
919,0.672276
698,0.0842713,795,0.0397207,920,0.0345828,450,0.0087379,863,0.00727121
612,0.0856553,170,0.0670215,971,0.0373697,698,0.00919733
439,0.0882993,698,0.0283922,555,0.0210593,787,0.0138848
903,0.386764,971,0.0416309,568,0.031628
919,0.0526303,462,0.0482933,517,0.0240097,704,0.0179389,523,0.0152844
698,0.138225,971,0.100314,645,0.0277277,982,0.00833123
971,0.448166,668,0.0107046
794,0.165188,862,0.11481
698,0.249699,483,0.100438
523,0.0391179,474,0.0323964,841,0.0321567,902,0.02218
971,0.16064,698,0.0259047,873,0.0158181,450,0.0108219,865,0.00879794
698,0.0682285,442,0.0657385,971,0.0189977,652,0.0105631,865,0.0104123
837,0.226966,836,0.172308
865,0.14329,920,0.135828,863,0.0798455,569,0.0196
555,0.0879904,795,0.0765355,476,0.0573368,879,0.0237899
879,0.410596
562,0.190646,887,0.0179576,698,0.0146835,160,0.0123531,582,0.010762
698,0.415119
610,0.257287,903,0.0579096,823,0.0301704
978,0.0726289,698,0.0431882,646,0.00907381,873,0.00586864
698,0.0711999,982,0.0503639,873,0.00724428,538,0.00286279,562,0.00286034
228,0.189749,562,0.0249288,982,0.0181193,645,0.0106296,971,0.00762605
971,0.0467546,537,0.0328314,795,0.0178308,226,0.00867261,646,0.00584302
865,0.212527,568,0.0309804,603,0.0205512
652,0.142342,385,0.0196674,971,0.0185719,787,0.0135667
698,0.198033,873,0.0232523,958,0.00315495,690,0.00238854
879,0.253583,612,0.119236,568,0.01789,792,0.00980818
762,0.0516305,708,0.0251555,915,0.0208327,971,0.0175325,982,0.0137564
718,0.369535
698,0.141395,568,0.0340136,562,0.0234362,645,0.0134291,226,0.00620215
487,0.0504285,624,0.0373874,226,0.0332261,447,0.0213094,590,0.0129264
698,0.214805,880,0.0207586,795,0.0148092
971,0.157915,795,0.104972,862,0.0178315,645,0.00418078,612,0.00264385
908,0.12256,523,0.0677836,971,0.0602058,774,0.0322074,462,0.0295936
562,0.0628578,971,0.0408059,612,0.0250765,843,0.0201435,795,0.0198126
698,0.397517,873,0.0980374,624,0.0288538,887,0.0100735,562,0.00794767
698,0.545553
755,0.359275,682,0.0498455,880,0.0464932
862,0.0840195,971,0.0788849,795,0.00720421,537,0.0043286,919,0.00321367
698,0.130008,611,0.0347568
583,0.117499,645,0.101086,862,0.0840685
755,0.667286,682,0.0266046
698,0.308334,682,0.0298042,624,0.0223842,920,0.0178287,863,0.0158069
971,0.0509999,678,0.0121223,781,0.0104614,865,0.00830459,424,0.00576083
150,0.0449901,514,0.0365824,739,0.0202717,678,0.0163969,788,0.0136305
698,0.16455,160,0.0475991,226,0.0250974,682,0.0203689,562,0.00693856
698,0.0637169,860,0.0423496,971,0.0292275,862,0.0163084,795,0.0161332
971,0.106774,862,0.0415218,480,0.0278891,887,0.0261503,795,0.0154646
652,0.0892201,880,0.0188958,819,0.0148748,971,0.00649964,795,0.00599363
698,0.0619684,562,0.0295733,646,0.0252716,920,0.0135405,971,0.00470551
682,0.182432,698,0.108166,835,0.0227474,537,0.0100537
646,0.131102,698,0.0640294,873,0.0246878,562,0.0197523,971,0.0122349
483,0.386163,755,0.263848
698,0.165101,562,0.0151178,646,0.00887803,226,0.0052305,706,0.00491163
617,0.0366928,424,0.0300424,982,0.0293654,971,0.0289654,862,0.0260311
476,0.0188189,697,0.018313,862,0.013292,523,0.0104409,877,0.00767419
568,0.0841913,887,0.0187237,627,0.015087,228,0.0101206,734,0.00786435
903,0.191124,585,0.013212,982,0.0077469,614,0.00751106,452,0.00561381
698,0.0998779,646,0.0653759,873,0.0172764,971,0.014841,562,0.00454298
578,0.230632,399,0.0500256,982,0.0302587,728,0.0173472
614,0.0909129,840,0.0496029,865,0.0273646,971,0.0172532
652,0.0452622,971,0.0202642,603,0.0112148,523,0.00313472,160,0.00288825
646,0.145641,562,0.0650475,698,0.0109784
698,0.13131,646,0.00552213
971,0.0452245,698,0.0325004,468,0.031622,624,0.0118092
842,0.249256,788,0.0148074,865,0.0132239,678,0.00851933,819,0.00786597
982,0.105525,728,0.0470518,568,0.0468456,887,0.0230696,578,0.0209383
903,0.19736,929,0.0793642,971,0.0219363,887,0.00585032,457,0.00524928
971,0.0651505,698,0.0369493,468,0.00641709,879,0.00622735,562,0.00368755
971,0.124158,842,0.0550026,652,0.0170983,775,0.0126894,819,0.00982445
804,0.176221,574,0.0732911,794,0.0440887,868,0.0229543
698,0.176075,442,0.0806373,873,0.0118416,583,0.00973046,862,0.00382686
160,0.0440972,646,0.0437768,203,0.00999894,462,0.00938602,880,0.00897914
562,0.0499341,842,0.0283875,202,0.0231694,160,0.00847755
646,0.246861,450,0.0134728,795,0.00819048
887,0.264455,641,0.0841727
197,0.0286289,552,0.0246938,198,0.024386,788,0.0209585,170,0.0171328
865,0.228312,971,0.0473668
645,0.18203,890,0.0337081,170,0.0154716,160,0.0153741,163,0.0153128
491,0.089607,857,0.0307694,583,0.0271482,747,0.0143251,861,0.0131962
971,0.131742,698,0.0167281,667,0.00424319,646,0.00202161
879,0.119587,698,0.0954733,637,0.066304,803,0.0258193,406,0.00895259
865,0.0969073,476,0.0486863,788,0.0308477,406,0.014751,467,0.0126831
406,0.100252,819,0.0627753,476,0.0606338,865,0.0228263,450,0.00787725
442,0.177575,698,0.121241,873,0.00635867,170,0.00380897,160,0.00267227
971,0.0674262,462,0.0285267,795,0.0264031,456,0.0243595,880,0.0129812
879,0.0522307,795,0.0478502,803,0.0229455,637,0.0128675,407,0.00740729
842,0.171944
971,0.0615231,226,0.0129296,652,0.0111205,880,0.0086461,842,0.0048305
842,0.197498,160,0.0137175,646,0.00435483
971,0.082458,880,0.0814754,795,0.00523151,401,0.0030179,842,0.00209437
655,0.0858813,971,0.0831486,523,0.0394901,795,0.0171341
880,0.0641657,652,0.055027,971,0.00879234,646,0.00740925,401,0.00709169
698,0.186388,442,0.0660046,873,0.00740746,170,0.00678829,562,0.00581348
652,0.0902148,795,0.0259379,971,0.0206863,462,0.0151591,842,0.00776558
842,0.0330482,354,0.0240308,456,0.0195656,862,0.0124048,698,0.0106362
879,0.112244,746,0.0393265,791,0.0360532,637,0.0353047,462,0.00563417
879,0.206852,795,0.0753819,637,0.00998474
830,0.237354,879,0.037555,971,0.0235488
971,0.328205,667,0.00874652,400,0.00610314,160,0.00380019
226,0.0414025,795,0.0221163,170,0.0207902,652,0.0163386,698,0.0154163
646,0.27838,795,0.122596,698,0.00927924,746,0.0090463,880,0.00188513
442,0.0437241,698,0.0309683,971,0.00961276,226,0.00876848,842,0.00520937
513,0.119018,683,0.0352969,875,0.0280508,697,0.0128258,160,0.00391679
832,0.154396,483,0.0925386,755,0.0477696
646,0.190848,971,0.141301,645,0.0129656,562,0.00760961
842,0.413286,433,0.0758977,890,0.0170136,971,0.00735855
646,0.167678,795,0.0650086,879,0.0379728
698,0.232406,971,0.0886639
698,0.30249,795,0.0138532,971,0.0104581,646,0.00401284
529,0.0472233,502,0.0278116,643,0.012547
879,0.0829269,971,0.0599808,880,0.00914289,698,0.0074087,160,0.00542307
698,0.259581,682,0.0178713,971,0.00736532,562,0.00382894,819,0.00143047
887,0.191802,917,0.0507772,400,0.0327419,465,0.0156394,678,0.0151507
549,0.0581083,916,0.0495549,879,0.0365159,746,0.035516,795,0.00693043
483,0.207966,345,0.101607,830,0.0525038,565,0.0239526
562,0.113971,646,0.0275176,971,0.00816051,523,0.00476584,170,0.00468567
698,0.335483,880,0.0421085,822,0.0280709,476,0.0166118,819,0.00748835
788,0.0735007,514,0.0228365,562,0.00952963,691,0.00895327,410,0.00869706
698,0.0563456,537,0.0331497,819,0.0270309,668,0.0116347,724,0.0110827
652,0.0857304,819,0.0568529
971,0.05644,457,0.0344373,391,0.0243952,678,0.0189829,652,0.0165704
442,0.159116,919,0.0252577
842,0.0674606,433,0.0389545,792,0.0219056,424,0.0207874,971,0.0170023
537,0.324773,523,0.0832012,792,0.0172639,795,0.00354311
837,0.65432
433,0.354511,793,0.0443964,842,0.0339033,903,0.00290863
795,0.13292,788,0.0330105,842,0.0194804,416,0.0057417,450,0.00473269
652,0.101575,614,0.0301938,865,0.0209941,971,0.0167694,879,0.00600557
762,0.0377085,862,0.0146902,652,0.0115295,863,0.0105318,919,0.00936966
646,0.081769,805,0.0361949,971,0.027231,879,0.0165108,880,0.00300568
743,0.0382294,982,0.0371629,562,0.0189981,971,0.0159259
523,0.190792,879,0.136317,792,0.0276037
562,0.108292,523,0.0629657,787,0.0192594,160,0.0153311
698,0.0829931,971,0.0374394,879,0.010929,795,0.00924486,646,0.00638531
433,0.0651654,795,0.0554421,971,0.0390317,862,0.0297223,562,0.0242623
557,0.135776,442,0.0317773,562,0.0312343,832,0.0218786,663,0.0138906
652,0.0581268,865,0.0477155,415,0.0363837,830,0.024497,971,0.0219783
562,0.283205,879,0.0247641
879,0.114328,646,0.0826786,971,0.0396257,698,0.0161109,562,0.00617249
668,0.243417,406,0.0552238,698,0.0147866
879,0.122697,897,0.0242098,456,0.00767404,549,0.00622868,746,0.00580894
795,0.562245
971,0.507497
795,0.304169,652,0.0113574,788,0.0105032
457,0.224388,716,0.188886,982,0.0158152,652,0.0063943,887,0.00216837
652,0.0449764,929,0.0387099,716,0.0257823,491,0.0147958,877,0.00646763
637,0.236755,879,0.0553069,450,0.0278967,646,0.0109117,887,0.00551841
452,0.10602,903,0.0730653,501,0.0368581,433,0.0263768
452,0.123291,903,0.0939411,433,0.033913
491,0.0343995,562,0.0336955,697,0.0285929,394,0.0270625,652,0.0110722
971,0.230021,795,0.0247356
862,0.186552,795,0.109343,819,0.0301814
646,0.057174,652,0.0331674,971,0.0277443,793,0.0260219,830,0.0239994
716,0.310425,457,0.0649485,562,0.0117161,982,0.0107366,929,0.00243116
879,0.11319,646,0.0620441,698,0.0125773,787,0.00974608,433,0.00777668
793,0.221204,795,0.0611755,476,0.0237587
433,0.23867,879,0.134718,971,0.0838552
716,0.261681,457,0.135963,982,0.0259525,652,0.00830368,839,0.00275237
716,0.421882,457,0.0162792,929,0.0157485,971,0.0148964,652,0.0104591
716,0.25599,457,0.0494827,515,0.0225455,558,0.0146384,929,0.00961289
698,0.12034,873,0.0764776,476,0.0462155,879,0.0443236,829,0.0427563
793,0.0780637,788,0.0348615,837,0.0286873,476,0.0224901
982,0.141125,697,0.028775,716,0.0119451,525,0.00851506,971,0.00609474
646,0.295383,879,0.060751,612,0.00359677,698,0.00197708,637,0.00160706
879,0.168073,417,0.0105087,916,0.00995469,637,0.00968551,549,0.00667702
697,0.572236
646,0.33656,879,0.0352981,433,0.0272216,655,0.0138706,971,0.0129006
515,0.312184,879,0.0579946,808,0.0381665,842,0.010292,457,0.00772902
885,0.0778749,794,0.062757,468,0.0505127
971,0.0364273,562,0.0233501,829,0.0210306,734,0.0115891,569,0.00871587
743,0.692263,580,0.00456576,793,0.0038432,585,0.00214522
879,0.250584,862,0.0186484,450,0.0174899,971,0.0133427,829,0.0127935
982,0.150423,971,0.0813701,452,0.0672704,845,0.0118809,879,0.0113769
743,0.651346,793,0.0206226
971,0.0500151,815,0.0400458
971,0.184785,698,0.0654361,887,0.013381,562,0.00854464,646,0.00843949
458,0.184115,880,0.0983964,971,0.0443816,468,0.0222324,879,0.0201619
698,0.132345,971,0.0400842,830,0.00469993,682,0.00368867,879,0.00309094
837,0.21373,971,0.138122,523,0.0347088
879,0.0893852,160,0.0432353,971,0.024925,646,0.02339,698,0.0179078
837,0.0941934,836,0.0605263,678,0.0330777,728,0.0212505,793,0.0161825
971,0.243588,929,0.089414,903,0.0393905,837,0.0377908
562,0.126536,698,0.0809657,646,0.0348971,433,0.00293218,971,0.00224493
971,0.277471,857,0.00897898,982,0.0051756,879,0.00394812,480,0.00321743
887,0.0680819,728,0.0618451,788,0.0353652,735,0.0339003,562,0.0253515
562,0.12051,698,0.0770344,652,0.0254726
698,0.156032,562,0.0710555,971,0.012463
562,0.127433,698,0.12523,971,0.0170121,646,0.0115831
698,0.314199
698,0.225863,562,0.0638037
887,0.0718812,652,0.0612594,971,0.0506697,452,0.00651861,457,0.00510475
879,0.105792,614,0.0658391,971,0.0491877
400,0.0700174,982,0.0602156,667,0.0390796,617,0.0223348,879,0.00992223
922,0.216671,731,0.0546794,982,0.0442915,568,0.0276537,749,0.010827
667,0.154194,879,0.0246298,982,0.0155653,400,0.0090108,862,0.00432002
463,0.0633248,971,0.0443828,879,0.022579,452,0.0141104,788,0.00622167
617,0.544671,457,0.0965566,424,0.014796
452,0.364363,698,0.0170487,903,0.00606582
887,0.521433,682,0.0569678
971,0.252589,610,0.136467,903,0.0776793
879,0.359642,698,0.174663,406,0.0358651,887,0.02166
971,0.242428
879,0.406416,982,0.144811,929,0.00745256
698,0.21046,879,0.0227491,562,0.00937977,971,0.00928067,795,0.00561737
879,0.34093,667,0.106451,652,0.0117203,862,0.0105365
452,0.379454,879,0.0600113,667,0.0370473,837,0.00866013
879,0.106796,971,0.0378269,903,0.0265615,576,0.0159166,476,0.0119068
610,0.135956,971,0.0432813
523,0.0767946,803,0.0756062,460,0.0291352
971,0.0922878,678,0.0313391,610,0.0287775,903,0.00915891,887,0.00802626
903,0.074262,898,0.0543684,610,0.0433922,424,0.0113237
843,0.0309351,562,0.020768,830,0.015858
879,0.197408,982,0.0535164,698,0.0210561
971,0.108581,614,0.0738726,887,0.0660005,929,0.0354753
919,0.415915,489,0.202249
698,0.410613,862,0.0277992
698,0.179304,862,0.0157562,887,0.00212219,879,0.00199335,643,0.00177392
971,0.214507,829,0.0355202
982,0.292099,971,0.0334048,562,0.0126257,399,0.00864483,601,0.00723311
919,0.248106,877,0.0620091,982,0.0315138,822,0.0153114
874,0.215449,829,0.181965,698,0.099658,468,0.0529576
637,0.032752,448,0.0272199,489,0.0211591,912,0.0194993,646,0.0189236
919,0.0859743,637,0.0451718,716,0.0407806,912,0.0128241,671,0.0109874
919,0.725991
829,0.498418,874,0.189044,675,0.018122
698,0.227199,565,0.0564724,489,0.0201966,716,0.0166972,791,0.0122795
417,0.0459706,792,0.0380463,697,0.0336675
735,0.18649,452,0.135024
775,0.142773,410,0.0384627,514,0.0224264,728,0.0211952,491,0.0133729
708,0.489827,698,0.214758,984,0.0585241
533,0.805623
971,0.263308,862,0.00886918,791,0.00248547,929,0.00175511,879,0.00123626
984,0.321643,972,0.0559256,970,0.0421808,483,0.0264096
829,0.0808348,873,0.0732088,698,0.0361002,555,0.0300601,874,0.0173712
562,0.299526,682,0.0274695,975,0.00629645
652,0.0463371,562,0.0392492,698,0.0222738,862,0.0200415
887,0.111223,795,0.0293703
879,0.265841
971,0.0480186,552,0.0398258,903,0.020684,731,0.0191515,982,0.0107222
450,0.119415,407,0.0952673,637,0.0275394,412,0.00405381,795,0.00271114
795,0.0605507,971,0.0584776,417,0.0266744,407,0.0226723,879,0.0165057
879,0.0885784,549,0.0135642,897,0.0107928,637,0.0103473,916,0.00877555
971,0.12956,698,0.0186551
879,0.15946,549,0.0125811,916,0.0097966,897,0.00477201
417,0.0564436,879,0.0535699,549,0.0256915,916,0.0104933,890,0.00531269
829,0.243483,555,0.226556,874,0.112024
971,0.186925,698,0.0171487,879,0.0083244
971,0.0618455,879,0.0341744,417,0.0312751,862,0.0131485,646,0.010901
879,0.0671164,971,0.0233048,417,0.0133274,549,0.0094559,701,0.00806358
971,0.0881948,577,0.0630383,887,0.0326298,876,0.0213989,562,0.0150963
791,0.42258,879,0.0284242,769,0.0110155
879,0.308859,698,0.114985
646,0.0910395,862,0.0605741,971,0.0248008
879,0.0873102,701,0.0213189,971,0.0160116,417,0.00937075,916,0.00721585
433,0.0833605,791,0.0425739,795,0.0223146,517,0.0155558,977,0.0128052
755,0.200932,698,0.179161,971,0.036067,879,0.0345622,562,0.0150695
971,0.0899915,562,0.0744131,646,0.0535354
406,0.0986618,562,0.0690802,698,0.0686954,971,0.0640946
698,0.564448
698,0.644814
879,0.0454861,971,0.0442298,897,0.0195814,890,0.00721319,456,0.00555859
698,0.730864
698,0.247661,862,0.0272352
843,0.107082,795,0.0748106,791,0.0485541,857,0.00725335,562,0.00489251
698,0.0751116,971,0.0208069,170,0.01916,202,0.0125958,228,0.00675927
795,0.0679714,879,0.0475491,562,0.0241381,612,0.0173282,890,0.0102717
698,0.174196,971,0.0109591,191,0.00337681,890,0.00213936
698,0.0613409,843,0.0178353,576,0.0167745,646,0.0151517
862,0.0506019,843,0.0400787,462,0.0280641,456,0.00627752
921,0.131646,433,0.068675,419,0.0182181
971,0.330102
971,0.0953455,865,0.0128479
562,0.12336,698,0.0861164,842,0.0102855
775,0.062861,433,0.0287664,697,0.0168605,879,0.0116056,602,0.00952072
971,0.0586037,417,0.0231189,663,0.00755277,699,0.00411584,977,0.00372419
837,0.113191,971,0.0489044
879,0.0537444,549,0.0333116,971,0.0107389,701,0.00631125,862,0.00513322
971,0.137969,523,0.0557262,698,0.0178528
843,0.0609397,795,0.0362724,857,0.0337173,562,0.0283188,791,0.0269721
887,0.0905386,562,0.0178914,698,0.0171296,795,0.00872665,523,0.00529654
887,0.133353,698,0.0576554,971,0.029902,406,0.0197137,830,0.00547882
862,0.14114,698,0.0613605,576,0.0130663,885,0.0127358,591,0.00691177
562,0.119257,862,0.0590567,698,0.0522116,880,0.0189088,646,0.015558
971,0.0581901,880,0.0376634,170,0.0281881,406,0.0138689,646,0.00745901
862,0.234539,698,0.0186216,562,0.0102699
795,0.0518166,843,0.0462352,562,0.035073,702,0.0221414,857,0.0184111
698,0.236862,795,0.0858472,576,0.0464885,971,0.021303
424,0.0727682,971,0.0457891,731,0.0285064,879,0.0110892,652,0.0108288
698,0.0359827,880,0.0343561,795,0.0259877,733,0.0206786,576,0.0165238
562,0.03406,733,0.0266869,698,0.0183111,795,0.013297,433,0.013223
652,0.106301,860,0.0544226,452,0.018977
424,0.159316,678,0.135355,652,0.127961,452,0.0707149
424,0.109535,971,0.0549944,509,0.0342972,865,0.0269245,678,0.0157835
549,0.0219092,862,0.0120182,692,0.011609,922,0.00783164,637,0.00654448
698,0.0967975,982,0.0530444,226,0.0360136,762,0.0172993
406,0.29839,698,0.0457402,971,0.0267961,663,0.00430198
870,0.475287,612,0.0334299
534,0.402659,791,0.0173799,862,0.00608054
476,0.0733237,459,0.0378832,791,0.0251214,580,0.0188574,534,0.00854933
837,0.435162,836,0.0247774
476,0.500107,459,0.0563971
476,0.0900749,459,0.0840007,445,0.0105548,879,0.00888768,580,0.00680134
476,0.125055,459,0.0723044
743,0.444832,580,0.0876118,558,0.00201717,998,0.00144842,699,0.00102418
829,0.0896056,612,0.0282605,480,0.0279391,887,0.0157491,424,0.0145813
984,0.378851,682,0.0153918
920,0.0479274,971,0.0398821,412,0.0167668,728,0.0138748,887,0.0135917
668,0.0832946,698,0.0616759,971,0.0536143,682,0.0172686
971,0.212278,652,0.0265292,400,0.014112,887,0.00911708,698,0.00692426
875,0.280212,513,0.0371509,880,0.0173602,971,0.0164171,699,0.00614247
549,0.0766191,716,0.0740457,698,0.0584109,839,0.0495989,919,0.0230063
549,0.253262
922,0.526131,682,0.0241307,916,0.0174311
880,0.0618049,523,0.0407951,562,0.0200302,569,0.0112407,703,0.010607
880,0.117034,704,0.0366735,562,0.0157123
984,0.241777,880,0.0520356,706,0.0161729,703,0.0123667,975,0.0122653
610,0.0662789,523,0.039358,450,0.0292907,898,0.013421,652,0.012492
984,0.850835
984,0.798363
984,0.99646
984,0.527191
781,0.134027,921,0.107183,917,0.0566661,922,0.0288006,458,0.0108693
984,0.998209
772,0.10498,904,0.0297363,971,0.0296751,700,0.0190259,362,0.0131218
984,0.556634,975,0.0955766,425,0.0312833
829,0.0748492,706,0.0362344,537,0.0341624
984,0.659668,975,0.0201233
984,0.29814,975,0.0425993,977,0.029629
984,0.218505,646,0.0685684,391,0.00824401,615,0.00717005,652,0.00510672
921,0.527639
698,0.164328,829,0.0227283,716,0.0185571
608,0.0366602,265,0.0170514,523,0.0144851,266,0.0141077,183,0.0130828
201,0.0348028,151,0.030604,189,0.0212713,728,0.0178186,209,0.0147512
523,0.0535876,608,0.0488111,202,0.0364269,245,0.0291749,151,0.0244852
794,0.141905
698,0.482809
497,0.188114,442,0.0933647,698,0.0577223
668,0.947308
682,0.353074,498,0.0235048,442,0.0166671,832,0.0147794,483,0.0141931
668,0.341734,867,0.116627,569,0.025669
557,0.0798764,920,0.0651633,879,0.00769486,656,0.00669588
708,0.287173,442,0.157424,682,0.047355
537,0.0473707,795,0.0326855,843,0.0251076,257,0.0201162,273,0.0196641
698,0.42263,920,0.0154706,704,0.0115912
807,0.065766,971,0.0477072,734,0.0173207,656,0.0113655,829,0.0110697
663,0.084645,483,0.0830634,984,0.0484483,682,0.0351689,562,0.0182897
970,0.217626
970,0.183625,646,0.17383,979,0.130883
979,0.457004
698,0.116177,718,0.0895983,905,0.0567273,421,0.0304898,743,0.0209384
970,0.362873,979,0.112313
698,0.0931808,497,0.0768203,663,0.0594176
979,0.344625,970,0.0874466,984,0.0438609,958,0.0270624
979,0.522801,970,0.0505856
442,0.157687,829,0.123467,698,0.108963,873,0.05546,874,0.0460526
984,0.138051,979,0.105086,825,0.0838047,730,0.0232666,646,0.014591
698,0.11877,978,0.0271225,839,0.0232549,718,0.018242
984,0.483789,958,0.0298486,890,0.015165,979,0.0133792,970,0.00735102
698,0.379106,517,0.0704183,733,0.0498525,668,0.0159324
743,0.0991426,706,0.0350356,791,0.0107293,904,0.00731554
984,0.999629
829,0.40435,682,0.267773,873,0.0206133,698,0.0183032
976,0.228629,980,0.0691809,972,0.0343037
970,0.192744,979,0.0948205,976,0.0494243,980,0.0187364
873,0.378775,250,0.0398335,230,0.026211,231,0.0177575,399,0.0130252
970,0.11718,976,0.0755183,978,0.0550045,979,0.0358883,649,0.0127264
873,0.0714222,829,0.0382589,698,0.0334342,250,0.030271,483,0.0244439
979,0.255288,972,0.105249,961,0.0525594
829,0.897867,874,0.0204788
829,0.799373
972,0.0727022,562,0.0483821,120,0.0460154,349,0.0306108,649,0.0145347
649,0.0675446,447,0.063869,970,0.0565398,978,0.0527696,825,0.0246297
978,0.242855,970,0.0512522,980,0.0450698
562,0.0536531,971,0.0288846,458,0.0174176,438,0.0124162,862,0.0104835
978,0.240483,649,0.0289911,970,0.0235579
698,0.340439,575,0.0242173,645,0.0232535,562,0.0123598,160,0.00992347
984,0.291492,979,0.0308358,825,0.0298119,975,0.0240525,912,0.0154927
978,0.13156,979,0.0511064,976,0.0271784,671,0.0251706,730,0.0158685
703,0.115691,203,0.0824759,33,0.0494444,263,0.0137862
984,0.954526
217,0.0882091,562,0.028878,196,0.0250776,170,0.0205527,156,0.010867
984,0.940446
979,0.257533,970,0.0834164,348,0.0117388
970,0.132902,976,0.073062,979,0.0451786,978,0.0172351
979,0.148849,970,0.0485479,671,0.0432002,646,0.0120757,825,0.00777314
523,0.0486715,787,0.0216607,569,0.0167495,652,0.0136187,202,0.0128677
421,0.392111,905,0.0873462,562,0.0258443,580,0.0219716,569,0.016092
979,0.233052,825,0.0470367,730,0.0319495
562,0.251939,708,0.138825
646,0.134904,671,0.0380026,825,0.037452,843,0.00696311,830,0.00694146
648,0.39145
698,0.587371,483,0.195153
984,0.222906,922,0.0771325,973,0.0542379,272,0.0246343,815,0.0198983
671,0.246501,970,0.176479
830,0.0757121,293,0.0509977,646,0.0490531,652,0.0286542,413,0.0201414
830,0.144658,652,0.0537266,413,0.0360128,164,0.0254992,522,0.0217057
293,0.0511773,830,0.0363869,646,0.0320042,652,0.0305342,730,0.0182079
979,0.457264,970,0.0200318
984,0.280435,970,0.133749
984,0.659764,958,0.128971
970,0.305376,984,0.0675151,979,0.020202
654,0.911348
984,0.092633,880,0.0645736,757,0.0444261,751,0.0322625,575,0.019508
977,0.298056
655,0.0620536,522,0.0484445,199,0.0430094,795,0.0272768
984,0.720809,805,0.020439,615,0.0116056,880,0.00908068,158,0.00569507
977,0.467094,460,0.0417629
151,0.093523,172,0.0260586,795,0.0224179,245,0.0195361,805,0.00931991
150,0.036366,202,0.0255212,170,0.0125067,978,0.00582353,977,0.00524937
460,0.249833,977,0.0636155
557,0.878844
557,0.665579,483,0.00616979
698,0.164993,497,0.0768443,442,0.0344779,663,0.0113673
718,0.506203,743,0.0339677
755,0.185072,821,0.018399,718,0.0110009,877,0.0108608
562,0.202379,525,0.147067,706,0.0291177,184,0.00953194
562,0.201524,460,0.14058,698,0.0187881,718,0.0149918,975,0.00906698
460,0.508123
781,0.0729476,565,0.028677,919,0.0222639,692,0.0145948,915,0.0105512
591,0.19591,458,0.181799,549,0.0459723
873,0.114018,682,0.0959645,468,0.0503736,523,0.0365211
637,0.160045,412,0.0679389,569,0.044319
519,0.377407,692,0.0305968
917,0.109825,860,0.102681,692,0.0393455,865,0.0270785,454,0.0247824
865,0.217409,611,0.215979,917,0.0578743,916,0.0154206
873,0.070236,880,0.04261,682,0.0267347,569,0.0214656,698,0.0190701
794,0.0530518,523,0.0518851,509,0.0233305,829,0.0167511,880,0.0160678
865,0.216526,860,0.0235693,509,0.0225904,917,0.00715353,788,0.00259682
920,0.0893811,873,0.0339598,458,0.00894924,970,0.00866977,562,0.0066665
860,0.248313,454,0.106636,857,0.0173957
698,0.223014,497,0.0505319,562,0.0295584
498,0.185629,873,0.0405284,698,0.0342754
442,0.214037,698,0.0906115,497,0.0897614
829,0.10912,860,0.0351806,424,0.0318709,919,0.0199474
707,0.114331,857,0.0591823,708,0.00525796,494,0.00471234,737,0.0046744
884,0.428642
483,0.303787,698,0.254526
442,0.306741,483,0.056244,497,0.0485629
865,0.271718,794,0.017121,509,0.0143127
970,0.103014,755,0.0521025,920,0.0495574,733,0.0380656,517,0.0227306
977,0.164502,433,0.0794433,706,0.0393348,879,0.0107108
698,0.255035,562,0.147119,468,0.0324926,682,0.0262633
698,0.230027,873,0.0905248,880,0.0545278,562,0.0289595
682,0.137537,437,0.0559327,434,0.0191201
611,0.0370815,406,0.0192978,580,0.0135527,696,0.0119287,562,0.0101883
458,0.289943,857,0.0344554,922,0.031733,918,0.0100447,617,0.00802969
415,0.123524,865,0.0752229,857,0.0573925,788,0.0396154,454,0.0189064
348,0.157388,467,0.0189321,362,0.0185723,766,0.00426225,169,0.00351855
562,0.10407,569,0.0289491,829,0.0279816,468,0.0216416,656,0.0196444
698,0.144395,468,0.0894711,829,0.0843202,874,0.0839254,654,0.0449101
555,0.175017,873,0.041501,562,0.0273296,971,0.00946794,972,0.0078848
698,0.226712,406,0.0844708,483,0.00627559,971,0.00495056,829,0.00424763
645,0.0717012,698,0.0544835,971,0.0305348,762,0.0120991
971,0.0485402,865,0.0485267,887,0.0347024,873,0.0189203,467,0.0109964
971,0.203604,880,0.0310272,863,0.0186852,652,0.00536768,873,0.00462954
819,0.0909099,476,0.0585656,467,0.0529198,971,0.0112162,788,0.00761394
698,0.377972,832,0.05818
645,0.0664969,971,0.0421329,887,0.0311595,467,0.0263851,819,0.0231639
879,0.108453,698,0.106011,612,0.021641,498,0.0211702,652,0.0116727
698,0.162431,483,0.0507347
865,0.158153,971,0.144234,652,0.0309294
873,0.225617,562,0.0540633,682,0.0363297
865,0.197265,887,0.0543961,450,0.0340288,652,0.0209368,614,0.0137103
971,0.177689,698,0.0952158,727,0.0570669,538,0.0389644
698,0.171493,668,0.0902171,873,0.0383784
468,0.118071,698,0.0666893,829,0.0650248,971,0.0573674,483,0.014183
406,0.239865,794,0.00932052,708,0.0075501
971,0.150531,698,0.137627,668,0.032867,873,0.0267836,538,0.0116383
822,0.145284,971,0.0441556,612,0.0207196,617,0.0173023,523,0.00981957
971,0.212037,698,0.10263,483,0.0453925,562,0.0350562,873,0.0281856
467,0.104337,788,0.0425319,561,0.0331619,428,0.00860919,569,0.00787809
971,0.227908,433,0.108755
971,0.0504383,819,0.0362168,862,0.0133718,614,0.01082,568,0.00981393
698,0.448269,919,0.0688329,442,0.0270256
728,0.0320537,523,0.0258977,982,0.0185126,399,0.0157733,791,0.01328
655,0.0396247,523,0.0368228,728,0.0320821,982,0.021183,399,0.0192192
698,0.315061,555,0.0178334,971,0.00818641
697,0.0658852,170,0.059647,652,0.0163384,840,0.0154912,614,0.0149854
971,0.0416997,523,0.0312993,614,0.0235605,776,0.0235546,889,0.0176731
608,0.190414,189,0.0688217,202,0.0494948,219,0.0147128,266,0.0114221
162,0.350477,161,0.0510607,348,0.0197219,188,0.0146872,428,0.00637762
698,0.416018
698,0.297166,829,0.0529587,468,0.0519555
971,0.13781,743,0.0537773,523,0.0275972,862,0.0104203,840,0.00929958
971,0.0626834,178,0.0407634,163,0.0228877,209,0.0127227,743,0.0121258
406,0.102907,971,0.0837593,857,0.0356512,819,0.01608,555,0.00699783
557,0.0860981,442,0.0672284,698,0.0180273,403,0.00896393,743,0.00401542
698,0.518502
825,0.179217,979,0.0152032
698,0.303385,483,0.075801,822,0.0268928,663,0.0161644
603,0.0259491,870,0.0235295,233,0.0167151,728,0.0149686,345,0.0140454
698,0.26136,483,0.0366787,562,0.0282077,682,0.0150441
718,0.165961,807,0.0472101,698,0.0322043,538,0.0271729,628,0.0251903
698,0.490972
900,0.33643,628,0.0446832,913,0.0148915
718,0.35443,832,0.037,628,0.0147144
979,0.125873,888,0.0627963,984,0.0432302,972,0.0297002,483,0.028226
562,0.225186,972,0.0927935
641,0.0174726,582,0.0160254,929,0.00904326,860,0.00900017,424,0.0088103
873,0.364673,663,0.16744
585,0.0742108,999,0.0633177
239,0.0678148,433,0.0567736,775,0.0540125,256,0.0225282,436,0.00741243
442,0.201584,483,0.145443,663,0.0221851
971,0.0459202,970,0.040116,663,0.0304596,972,0.0230743,698,0.0107283
50,0.0560075,998,0.0328585,43,0.0272159,397,0.0267873,63,0.0167065
628,0.148306,718,0.0545307,403,0.0254547,839,0.0101714
400,0.0975486,971,0.0622463,862,0.0565136,819,0.0142911,645,0.0130529
898,0.682052
547,0.0544714,757,0.0484976,466,0.0407774,864,0.0367646,829,0.0232361
614,0.0733706,887,0.0283138,608,0.023817,788,0.0230867,865,0.0184693
652,0.0571674,612,0.0465905,880,0.0354498,700,0.0323908,669,0.01803
895,0.0938596,540,0.067482,510,0.0353604,657,0.0257639
698,0.170114,468,0.0768678,873,0.0299883,497,0.0205701,603,0.0202711
483,0.443372,698,0.0636324
829,0.0277865,565,0.0229195,743,0.0173965,839,0.0116314,483,0.00790002
525,0.169624,698,0.0778101
880,0.0445514,791,0.0172641,562,0.0118246,822,0.011267,391,0.0101888
698,0.427482,971,0.00981729,874,0.00507322,654,0.00345334,919,0.00298916
569,0.298459,803,0.165071,698,0.0426342
454,0.1152,406,0.0777921,468,0.0359326,860,0.0237857
698,0.491619,557,0.0470743
698,0.27142,454,0.109341,458,0.0159886,624,0.00432094,873,0.00291234
982,0.0335743,668,0.0328003,887,0.0199737,583,0.0127351,698,0.0121169
698,0.44132
832,0.666466
203,0.751792
483,0.340462,698,0.224516
792,0.216437,795,0.0706782,421,0.0424254
670,0.0807439,612,0.0220503,870,0.0144286,468,0.0100815,829,0.00684543
971,0.0624287,698,0.0380731,468,0.032029,400,0.024723,829,0.00658145
829,0.684981,874,0.0246007,705,0.013297
222,0.0999982,203,0.041771,795,0.0211711,652,0.0209005,791,0.0181991
708,0.678701
874,0.207284,821,0.0931863,562,0.0499158,436,0.0291647,538,0.0177646
557,0.759739
706,0.119235,203,0.0294803
652,0.18624
568,0.253026,840,0.206399,971,0.0191513
837,0.291147,836,0.0378169,838,0.00968923,929,0.00878058,781,0.00540797
837,0.421957,593,0.0196063,838,0.00433587,929,0.00408313,836,0.00356106
603,0.187254,345,0.147761
549,0.136165,700,0.126217
681,0.747806
630,0.132512,770,0.059306,606,0.0458735,514,0.0401309
418,0.327709,784,0.0735879
861,0.122459
683,0.373534
837,0.131363
837,0.183866
617,0.230016,652,0.107941
991,0.210233
998,0.193271
721,0.454079
315,0.157249,738,0.0309871
664,0.162041
905,0.743109
982,0.289638
793,0.370293
438,0.167055,898,0.0668273
697,0.0436334,877,0.030494,971,0.0265253,903,0.019464
865,0.373218,569,0.0510583
903,0.146518,476,0.0862977,678,0.0385383
406,0.0503033,627,0.0382066,762,0.0296381,698,0.0259375,971,0.0114323
654,0.198863
819,0.0793493,971,0.0422381,829,0.0313326
865,0.131741,971,0.0735414,509,0.0344995
971,0.0307603,822,0.0232787,667,0.00572598
971,0.0311453,822,0.0285053,450,0.00822687,569,0.00278045,829,0.00164812
971,0.109365,658,0.0283923,655,0.0144072,735,0.0124825,401,0.00897162
971,0.249189,775,0.075954
971,0.0819537,617,0.0296483,697,0.0292533,537,0.0282645,982,0.0253148
428,0.164197,870,0.0414127
971,0.10231,552,0.100795,585,0.0380052,669,0.027781,903,0.0243136
971,0.232152,593,0.0535197,903,0.0288781,487,0.0214189
819,0.17583,971,0.166639
433,0.211621,971,0.0933914,523,0.0261598
971,0.537197,862,0.0440266
971,0.488336
971,0.265695,476,0.153862,467,0.0196817
919,0.167544,698,0.166426,557,0.0876653,498,0.0196915
971,0.232333,862,0.111946,698,0.0656238
669,0.57185,971,0.0125284
669,0.261747,971,0.0896527
971,0.360668,879,0.0173788,819,0.00657524,793,0.00651039,865,0.00472617
971,0.190528,669,0.0885667,728,0.0546775,711,0.0135661
879,0.196233,822,0.0959175,971,0.0427099,728,0.0284625,711,0.0144484
971,0.16265,160,0.0958297,508,0.0866347,549,0.0165027,911,0.0105461
879,0.249673,971,0.026111,669,0.0131571,899,0.0107877,691,0.00657643
971,0.2863,879,0.208961
971,0.125213,483,0.0902026,458,0.0491033,549,0.0464207
552,0.396871,971,0.0867197,982,0.0108992,903,0.00579025,731,0.00421938
669,0.091943,552,0.0471819,617,0.0218841,903,0.00768858,982,0.00690295
617,0.102902,470,0.0322622,306,0.0246664
617,0.0970424,470,0.0319712,306,0.0223563
873,0.498205,832,0.0900067,442,0.0834049
698,0.311119,918,0.0367223,646,0.02283,591,0.00856779
669,0.0735596,728,0.0277795,815,0.015953,830,0.0129394,617,0.011949
562,0.0545899,642,0.0522268,971,0.0319574,699,0.0108413,788,0.00462986
546,0.0298074,50,0.0261166,739,0.0254847,416,0.018358,60,0.0176846
546,0.0285945,739,0.0255197,54,0.0242077,50,0.0198972,416,0.0189346
406,0.0725613,819,0.0640199,971,0.020922,467,0.0121274,788,0.00898725
819,0.0833625,552,0.0753358,971,0.0550165,865,0.0200888,862,0.0126469
971,0.270099,879,0.108033,562,0.0206657,610,0.00789576,762,0.00459451
971,0.270099,879,0.108033,562,0.0206657,610,0.00789576,762,0.00459451
879,0.199644,971,0.0952922,476,0.0804857,494,0.00883871,438,0.00835884
402,0.499781,546,0.0172018,982,0.0129585,617,0.00938189,457,0.00898068
402,0.484381,585,0.0201088,546,0.0188987,457,0.00977889,982,0.00851077
819,0.0794485,879,0.0613578,857,0.0584862,406,0.0261009,476,0.0155359
819,0.0837645,857,0.0542443,879,0.0467285,406,0.0299394,476,0.0121792
448,0.0419483,839,0.0371087,821,0.0319437,819,0.0059626,982,0.00521509
982,0.197315,617,0.0522716,887,0.0285472,457,0.0179983,699,0.010691
971,0.195753,562,0.0733721,698,0.0501382,406,0.0135294,728,0.0121075
971,0.122506,982,0.0572083,879,0.0430172,402,0.0207187,862,0.0204139
979,0.449417
978,0.166725,977,0.122519,970,0.0200656,976,0.0176957,354,0.0137305
977,0.158067,978,0.122108,976,0.0199954,970,0.0174712,354,0.0160397
562,0.315452
562,0.328301
424,0.0878431,458,0.0710671,425,0.0530998,409,0.0299144,835,0.0297606
424,0.0850423,458,0.0768006,425,0.0586675,835,0.0241344,409,0.0233193
483,0.161683,971,0.148425,698,0.029701,716,0.0122307
476,0.125398,971,0.0559282,903,0.0559167,555,0.0215325,879,0.0211293
476,0.0942791,903,0.0547579,971,0.054343,879,0.0253975,552,0.0244797
971,0.141941,794,0.0284261,903,0.0266741,562,0.0236172,568,0.0213713
971,0.133297,794,0.0283769,568,0.0266227,562,0.0261939,903,0.0245839
445,0.0410677,775,0.0203028,917,0.0146964,819,0.0116564,585,0.0113041
445,0.0450304,775,0.0210288,917,0.0147975,585,0.0143204,819,0.00920399
819,0.332982,920,0.203816
832,0.14537,523,0.0650341,668,0.063049,708,0.0505122,880,0.0129364
